Type,Name,DPI3,DPI4,DPI5
Upstream,IFNG,4.081,3.726,3.427
Upstream,TNF,3.538,2.185,3.221
Upstream,interferon alpha,3.901,3.715,4.01
Upstream,IL1B,3.23,3.449,3.72
Upstream,STING1,3.813,4.267,4.16
Upstream,IRF7,4.021,4.14,4.253
Upstream,STAT1,3.257,3.543,3.069
Upstream,NFkB (complex),,0.895,
Upstream,IL27,3.234,3.032,3.524
Upstream,IL2,,,
Functional,Transport of molecule,-0.368,1.621,3.27
Upstream,NONO,4.431,4.756,4.65
Upstream,CEBPB,,0.025,1.058
Upstream,IFN beta,3.72,3.79,3.485
Upstream,IRF3,3.381,3.526,3.77
Functional,Cell movement,,1.447,4.007
Functional,Cell viability,1.107,0.005,1.194
Upstream,MYD88,2.195,2.195,2.195
Upstream,CSF2,,,
Upstream,EGF,,2.19,1.252
Upstream,IL1A,,1.994,2.382
Upstream,PRL,4,4.461,3.994
Functional,Cell survival,,,1.356
Upstream,HNF1A,,,3.405
Upstream,IFNA2,4.062,4.379,3.946
Upstream,IFNL1,3.909,4.157,4.157
Canonical,Neutrophil degranulation,,,2.449
Upstream,OSM,,1.307,2.225
Functional,Migration of cells,,,4.097
Canonical,Immunoregulatory interactions between a Lymphoid and a non-Lymphoid cell,,,2
Canonical,Communication between Innate and Adaptive Immune Cells,2.236,2.236,
Upstream,IL6,-1,-0.036,1.939
Functional,Activation of cells,0.728,1.291,3.649
Upstream,IRF1,3.527,3.527,3.716
Upstream,IFN type 1,3.507,3.772,3.336
Upstream,IFNAR1,3.367,3.765,3.889
Upstream,APP,2.765,2.959,2.26
Functional,Activation of myeloid cells,,,2.711
Upstream,TLR9,3.262,3.262,3.262
Functional,Activation of phagocytes,,-0.728,2.605
Functional,Activation of leukocytes,0.277,0.557,2.774
Upstream,IL21,1.3,1.3,1.634
Upstream,RIPK2,3.873,4.123,4.123
Upstream,IL33,,,
Upstream,CHUK,1.671,1.915,2.586
Functional,Activation of blood cells,,0.084,2.776
Upstream,TGM2,2.121,2.53,2.891
Canonical,Complement cascade,,,2.828
Upstream,IL5,,,
Functional,Immune response of cells,1.468,1.998,1.816
Functional,Cellular homeostasis,0.708,0.321,2.061
Functional,Homing of cells,,,
Upstream,IL15,2.213,1.698,
Upstream,TLR7,2.768,2.939,2.939
Functional,Activation of antigen presenting cells,,-0.218,2.594
Upstream,MAVS,3.095,3.249,3.249
Functional,Endocytosis,1.711,,2.186
Upstream,SLC15A4,2.449,2.646,2.449
Functional,Chemotaxis,,,3.079
Canonical,Pathogen Induced Cytokine Storm Signaling Pathway,,,
Upstream,CD3 (complex),,,
Functional,Inflammatory response,-0.853,0.239,2.152
Upstream,IFNAR,2.2,2.2,1.706
Upstream,RIGI,2.764,2.922,2.922
Functional,Differentiation of mononuclear leukocytes,,,
Upstream,TICAM1,2.207,2.207,2.207
Upstream,AHR,,1,1.89
Functional,Engulfment of cells,1.494,,1.823
Upstream,TLR3,2.575,2.575,2.386
Upstream,CGAS,3.286,3.435,3.435
Functional,Activation of macrophages,,,2.445
Functional,Hematopoiesis of mononuclear leukocytes,,,
Upstream,STAT4,,,
Functional,Recruitment of cells,,,
Upstream,IL1,,,
Upstream,F2,,,
Upstream,p38 MAPK,,,
Upstream,CHROMR,3.959,4.027,4.201
Upstream,HNF4A,,,2.937
Upstream,cytokine,,,
Upstream,IFNB1,3.387,3.387,2.915
Functional,Leukopoiesis,,,
Functional,Homing of leukocytes,,,
Functional,Chemotaxis of leukocytes,,,2.565
Canonical,TRIM21 Intracellular Antibody Signaling Pathway,2.236,2.236,
Functional,Migration of phagocytes,,,1.056
Functional,Development of mononuclear leukocytes,,,
Functional,Size of body,,,2.793
Canonical,Cachexia Signaling Pathway,,,
Canonical,Interferon alpha/beta signaling,3.464,3.606,3.606
Functional,Homeostasis of leukocytes,,,
Functional,Homeostasis of blood cells,,,
Upstream,IL4,-1.935,-1.719,-0.708
Functional,Chemotaxis of phagocytes,,,2.586
Functional,Recruitment of leukocytes,,,1.586
Functional,Lymphopoiesis,,,
Upstream,IFN,2.578,2.436,2.436
Functional,Tyrosine phosphorylation of protein,,,
Canonical,Class A/1 (Rhodopsin-like receptors),,,
Functional,Phagocytosis,1.493,,1.651
Upstream,SP1,,,
Functional,Stimulation of cells,,,
Upstream,ERK,,,
Canonical,Molecular Mechanisms of Cancer,,,
Functional,Phagocytosis of cells,1.259,,1.471
Upstream,TCR (complex),,,
Upstream,IL18,,,0.176
Functional,Cell movement of phagocytes,,0.201,2.326
Functional,Homeostasis of mononuclear leukocytes,,,
Functional,Lymphocyte homeostasis,,,
Upstream,ZBTB10,2,2,2
Functional,Chemotaxis of myeloid cells,,,2.625
Upstream,KLF6,,,
Upstream,RELA,,,
Upstream,CD28,,,
Functional,Internalization of cells,,2.222,1.554
Upstream,PDGF-BB,,,
Canonical,Cell surface interactions at the vascular wall,,2,2
Upstream,CD40LG,,,
Upstream,IL12 (complex),,,
Upstream,IFNA1/IFNA13,2.941,2.941,2.941
Functional,Antimicrobial response,2.236,2.236,2.433
Functional,Antiviral response,2.236,2.236,2.433
Functional,T cell homeostasis,,,
Functional,Tyrosine phosphorylation,,,
Upstream,IL12 (family),,,
Functional,Engulfment of blood cells,,,
Canonical,Cell Cycle Checkpoints,,,
Upstream,NFKB1,,,
Upstream,BRD4,,,
Upstream,VEGF,,,
Functional,Mobilization of Ca2+,,,
Upstream,HIF1A,,,
Canonical,Irritable Bowel Syndrome Signaling Pathway,,,
Upstream,Ap1,,,
Functional,Migration of antigen presenting cells,,,0.195
Canonical,Binding and Uptake of Ligands by Scavenger Receptors,,,2.828
Upstream,Samsn1,,,2
Canonical,Systemic Lupus Erythematosus in B Cell Signaling Pathway,,,
Functional,Engulfment of leukocytes,,,
Upstream,TNIK,3.429,3.429,3.429
Functional,T cell development,,,
Functional,Recruitment of mononuclear leukocytes,,,
Upstream,ERK1/2,,,
Upstream,SPI1,3.317,3.45,3.592
Upstream,EIF2AK2,2.4,2.592,2.772
Functional,Phagocytosis of blood cells,,,
Functional,Endocytosis by eukaryotic cells,,,
Upstream,PI3K (complex),,,
Upstream,IKBKB,,1.091,1.199
Functional,Cell viability of blood cells,,,
Functional,Recruitment of myeloid cells,,,1.791
Upstream,ATF4,,,
Functional,Stimulation of blood cells,,,
Functional,Leukocyte migration,,,2.154
Canonical,Regulation of Insulin-like Growth Factor (IGF) transport and uptake by IGFBPs,,,3.606
Functional,Cell movement of antigen presenting cells,,,
Upstream,RNY3,3.606,4,4
Canonical,"Plasma lipoprotein assembly, remodeling, and clearance",,,2.646
Upstream,SASH1,,,2
Functional,Cell viability of leukocytes,,0.577,
Upstream,BTK,2.795,2.967,2.828
Canonical,Multiple Sclerosis Signaling Pathway,,,2.646
Canonical,G alpha (i) signalling events,,,
Functional,Recruitment of phagocytes,,,1.019
Upstream,DOCK8,,,2
Functional,Transport of carboxylic acid,,,
Functional,Immune response of leukocytes,,1.551,1.538
Upstream,LDL,3.426,3.8,3.149
Functional,Phagocytosis of leukocytes,,,1.474
Upstream,Immunoglobulin,4.261,3.938,3.685
Functional,Stimulation of leukocytes,,,
Functional,Engulfment of phagocytes,,1.981,
Functional,Cell movement of myeloid cells,,0.266,2.209
Upstream,TLR4,,0.13,0.618
Upstream,NFAT (family),,,
Functional,Response of phagocytes,,,
Canonical,Response to elevated platelet cytosolic Ca2+,,,3.606
Canonical,Atherosclerosis Signaling,,,2.828
Functional,Binding of mononuclear leukocytes,,,0.782
Upstream,FOXO1,,,
Upstream,JAK1,,,
Functional,Advanced stage tumor,,,
Functional,Advanced malignant tumor,,,
Functional,Engulfment of myeloid cells,,,
Canonical,Neuroinflammation Signaling Pathway,,,
Upstream,VEGFA,,,
Canonical,"Transport of bile salts and organic acids, metal ions and amine compounds",,,
Functional,Metastasis,,,2.543
Upstream,IRF5,2.588,2.588,2.772
Upstream,SENP3,2,2,2
Upstream,ITPR2,,,
Canonical,Mitotic Metaphase and Anaphase,,,
Canonical,Signaling by the B Cell Receptor (BCR),,,
Upstream,IFN alpha/beta,,,
Functional,Invasive cancer,,2.18,2.543
Upstream,G protein alpha i,,2,
Functional,Quantity of Ca2+,,-0.588,2.412
Functional,Fatty acid metabolism,,1.272,2.149
Upstream,MAP3K8,,,
Upstream,TERT,1.981,1.981,2.187
Functional,Immune response of phagocytes,1.307,1.981,1.512
Functional,Quantity of metal ion,,-0.951,
Functional,Binding of lymphatic system cells,,,
Functional,Response of myeloid cells,,,
Upstream,NTRK1,,,1.664
Canonical,ISGylation Signaling Pathway,,,
Functional,Phagocytosis of myeloid cells,,,1.369
Canonical,DHCR24 Signaling Pathway,,,4.243
Functional,Interaction of mononuclear leukocytes,,,
Canonical,Activin Inhibin Signaling Pathway,,,
Functional,Adhesion of mononuclear leukocytes,,,
Functional,Engulfment of antigen presenting cells,,1.981,
Functional,Quantity of B lymphocytes,1.5,,
Functional,Growth of connective tissue,,,
Functional,Phagocytosis of phagocytes,,,1.306
Upstream,JNK,,,
Functional,Polarization of blood cells,,,
Upstream,ERBB2,,,
Functional,Secretion of molecule,-0.2,-0.277,1.849
Upstream,IRF9,2.77,2.942,3.104
Functional,Binding of leukocytes,,,
Upstream,TNF (family),,,
Canonical,Fcgamma receptor (FCGR) dependent phagocytosis,,,
Canonical,Transport of inorganic cations/anions and amino acids/oligopeptides,,,
Upstream,HMG20A,,,
Upstream,MAP2K1,,,
Canonical,Fc epsilon receptor (FCERI) signaling,,,
Canonical,Role of Hypercytokinemia/hyperchemokinemia in the Pathogenesis of Influenza,,,
Upstream,TASL,2,2.236,2.236
Upstream,LHX1,,1.98,
Upstream,SPP1,,,
Upstream,IL1R,,,
Upstream,RAF1,,,
Functional,Homing of mononuclear leukocytes,,,
Functional,Growth of lesion,,,
Upstream,IL7,,,
Upstream,EGR1,,,
Functional,Interaction of leukocytes,,,
Functional,Growth of solid tumor,,,
Canonical,Production of Nitric Oxide and Reactive Oxygen Species in Macrophages,,,2.646
Canonical,NAFLD Signaling Pathway,,,
Canonical,S100 Family Signaling Pathway,,1,1
Upstream,CREB1,,,
Functional,Binding of lymphocytes,,,
Functional,Expression of RNA,,,
Functional,Differentiation of T lymphocytes,,,
Upstream,JUNB,,,
Functional,Transcription,,,
Functional,Immune response of myeloid cells,,,1.369
Canonical,Post-translational protein phosphorylation,,,3.317
Functional,Growth of tumor,-0.667,,
Upstream,CD38,,,
Functional,Growth of malignant tumor,-0.468,,
Upstream,TYK2,2.138,2.138,2.138
Functional,Recruitment of lymphocytes,,,
Upstream,TPH1,,,
Upstream,TLR2,,,
Canonical,Interleukin-10 signaling,,,
Functional,Quantity of metal,,-0.951,1.791
Upstream,PML,2.353,2.883,3.053
Upstream,TLR,,,
Upstream,SRGN,,,
Functional,Polarization of leukocytes,,,
Upstream,TNFSF13B,,,
Functional,Cancer,,,
Upstream,NFkB (family),,,1.919
Canonical,Interferon gamma signaling,,2,2
Functional,Quantity of mononuclear leukocytes,,,0.598
Functional,Transport of lipid,,1.52,1.47
Upstream,IFNE,1.964,1.964,2.2
Functional,Cell viability of mononuclear leukocytes,,,
Upstream,STAT3,-1.152,-0.533,-0.162
Canonical,Interleukin-4 and Interleukin-13 signaling,,,
Upstream,LH,,,
Functional,Stimulation of mononuclear leukocytes,,,
Upstream,NFATC2,2,,2
Upstream,REL,,,
Functional,Recruitment of T lymphocytes,,,
Upstream,RRAS2,2,2.236,2.449
Canonical,Phase II - Conjugation of compounds,,,
Canonical,Role of Chondrocytes in Rheumatoid Arthritis Signaling Pathway,,,
Upstream,CG,,,
Upstream,CD36,,,
Upstream,TNFSF12,,,
Upstream,CEBPA,-0.447,0.415,-0.403
Functional,Interaction of lymphocytes,,,
Upstream,PAF1,2.646,2.828,3
Canonical,Crosstalk between Dendritic Cells and Natural Killer Cells,,,
Upstream,CREB,,,2.401
Functional,Cell viability of lymphatic system cells,,,
Upstream,IFNA4,2.148,2.148,2.148
Upstream,BHLHE40,,,
Upstream,Eldr,,,
Upstream,MAPK14,,,
Functional,Cell viability of lymphocytes,,,
Functional,Quantity of lymphatic system cells,,,
Upstream,SMARCAL1,,,2.449
Functional,Activation of mononuclear leukocytes,,,
Upstream,STAT3/STAT3,,,1.969
Upstream,BCR (complex),,,
Upstream,IL17A,,1.128,2.412
Functional,Metabolism of carbohydrate,,,
Functional,Cytotoxicity of leukocytes,,,
Functional,Activation of neuroglia,,,2.093
Functional,Cell movement of macrophages,,,0.793
Functional,Binding of blood cells,,,
Upstream,UBE2M,,,
Upstream,mir-183,3,3.162,3.162
Upstream,SRC,,,
Upstream,IgE,-1,,
Upstream,TRAF3IP2,,,
Upstream,POU2AF1,2.19,2.19,1.96
Upstream,EPAS1,,,
Functional,Cell movement of leukocytes,,,2.003
Canonical,NF1 RAS Signaling Pathway,,,
Canonical,Formation of Fibrin Clot (Clotting Cascade),,,2
Upstream,Mrgpra2a (includes others),,,
Upstream,MAPK3,,,1.387
Functional,Maturation of leukocytes,,-0.45,
Upstream,TFEB,,,
Functional,Interaction of blood cells,,,
Upstream,EBI3,,,
Canonical,Th1 Pathway,,,
Functional,Cytotoxicity of cells,,,
Upstream,IFNL4,2.784,2.784,2.784
Functional,Response of antigen presenting cells,,,
Functional,Homing of lymphatic system cells,,,
Functional,Homing of lymphocytes,,,
Upstream,HMGA1,,,
Upstream,NFKBIA,,,1.697
Functional,Adhesion of immune cells,,,0.418
Functional,Quantity of lymphocytes,1.232,,
Functional,Activation of lymphatic system cells,,,
Canonical,Tumor Microenvironment Pathway,,,
Canonical,Macrophage Alternative Activation Signaling Pathway,,,
Functional,Cytotoxicity of lymphatic system cells,,,
Upstream,PTGER2,,,
Functional,Immune response of antigen presenting cells,1.307,1.981,1.575
Upstream,AGT,,1.444,-0.302
Upstream,mir-96,2.985,3.148,3.148
Canonical,CGAS-STING Signaling Pathway,,,
Upstream,SND1,,,
Functional,Inhibition of cells,,,
Functional,Activation of microglia,,,1.998
Functional,Maturation of blood cells,,,
Upstream,CKAP2L,,,
Upstream,CSF,,,
Canonical,Dilated Cardiomyopathy Signaling Pathway,,,
Canonical,RHO GTPases Activate Formins,,,
Canonical,Bile acid and bile salt metabolism,,,
Canonical,TREM1 Signaling,,,
Canonical,Costimulation by the CD28 family,,,
Functional,Stimulation of lymphatic system cells,,,
Upstream,SREBF1,,1.934,
Upstream,CD40,,,
Functional,Activation of lymphocytes,,,
Upstream,CD44,,,
Upstream,Cdkn2a,,,
Functional,Migration of mononuclear leukocytes,,,1.781
Functional,Innate immune response,0.927,0.927,
Upstream,TBK1,1.762,1.313,1.313
Functional,Quantity of blood cells,,,0.811
Functional,Cytotoxicity of lymphocytes,,,
Upstream,IL3,,,
Upstream,IFNGR1,,,
Upstream,S100A9,,,1.387
Functional,Quantity of cells,,,0.788
Upstream,LEP,,,2.374
Canonical,Macrophage Classical Activation Signaling Pathway,,,
Upstream,CD3 (family),,,
Upstream,NfkB-RelA,,,
Upstream,NFATC1,,,
Canonical,Parkinson's Signaling Pathway,,,
Upstream,MAP2K3,,,
Upstream,CCL5,,,
Upstream,IL23,,,
Functional,Cytotoxicity,,,
Upstream,TNFSF15,,,
Functional,Transport of fatty acid,,,
Upstream,MKNK1,,,1.982
Upstream,MED1,,,
Upstream,FOXM1,,,
Upstream,IL36G,2,2,1.342
Upstream,IFI16,,,
Canonical,Phagosome Formation,2,1,1
Upstream,LIF,,,1.004
Functional,Adhesion of blood cells,,,
Upstream,IL20,,,2.828
Upstream,CTNNB1,,,
Upstream,FOS,,,
Upstream,FOXC1,3.162,3.317,2.887
Upstream,ARHGAP21,,,
Canonical,Pyroptosis Signaling Pathway,,,
Upstream,MET,,,
Canonical,HIF1α Signaling,,,
Functional,Export of molecule,,,2.057
Functional,Lymphocyte migration,,,1.453
Upstream,FCGR2A,,2,2
Upstream,YBX1,,,
Functional,Quantity of leukocytes,1.615,,0.666
Upstream,POU2F2,,,
Upstream,IGF1,,-0.747,1.893
Upstream,ISGF3,1.969,1.969,1.969
Upstream,ATF2,,,
Functional,Interaction of T lymphocytes,,,
Upstream,NDRG1,,,
Upstream,TBX21,,,
Functional,Differentiation of B lymphocytes,,,
Functional,Polarization of cells,,,
Upstream,USF2,,,
Upstream,MUC1,,,
Upstream,NOD2,,,
Functional,Stimulation of lymphocytes,,,
Functional,Proliferation of immune cells,,,-0.107
Functional,Recruitment of granulocytes,,,
Upstream,C5,,,
Functional,Maturation of cells,,-0.809,
Upstream,JAK1/2,,,
Upstream,PRKCE,,,
Functional,Interaction of tumor cell lines,,,
Upstream,NRG1,,,
Functional,Cell death of immune cells,-1.46,-0.361,
Functional,Neoplasia of cells,1.387,0.808,2.736
Upstream,CSF1,,,
Canonical,ISG15 antiviral mechanism,2.449,2.449,2.449
Canonical,Retinoid metabolism and transport,,,2.449
Upstream,Hbb-b2,,,
Canonical,Interleukin-2 family signaling,,,
Canonical,Aspirin ADME,,,
Functional,Cell viability of T lymphocytes,,,
Functional,Quantity of regulatory T lymphocytes,,,
Upstream,EZH2,2.956,3.729,3.695
Upstream,STAT5A,,,
Upstream,PARP1,,,
Functional,Inflammatory demyelinating disease,,,2.813
Functional,Angiogenesis,,,1.95
Upstream,PRKD1,,,
Upstream,SIX1,,,
Functional,Cell proliferation of leukocyte cell lines,,,
Upstream,SMAD1,,,
Upstream,IFNA8,,,
Functional,Synthesis of lipid,,0.543,0.714
Upstream,TCF7L2,,,2.433
Upstream,HMGB1,,,2.621
Functional,Activation of T lymphocytes,,,
Upstream,IFNA16,,,
Functional,Cell transformation,,,
Functional,Cell death of blood cells,,,
Functional,Binding of tumor cell lines,,,
Upstream,LTA,,,
Upstream,IL22,,,
Upstream,STAT,,,
Upstream,STAT1 Dimer,,,
Upstream,STAT2,2.207,2.207,2.207
Functional,Cell movement of mononuclear leukocytes,,,1.921
Upstream,TNFSF14,,,
Upstream,TIMP1,,,
Upstream,NfkB1-RelA,,,
Upstream,TWIST1,3.138,3.293,3.065
Upstream,IFIH1,2.176,2.176,2.176
Canonical,Role of Osteoblasts in Rheumatoid Arthritis Signaling Pathway,,,
Upstream,ADAM10,,,2.236
Functional,Cell movement of granulocytes,,,
Upstream,ERG,,,
Upstream,ITGAV,,,
Upstream,THPO,,1.131,1.131
Upstream,AKT,,,
Functional,Proliferation of mononuclear leukocytes,,,
Upstream,JAK,2.236,2.449,1.195
Upstream,PLG,,,
Canonical,CREB Signaling in Neurons,,,
Canonical,Serotonin Receptor Signaling,,,
Upstream,JUN,,,1.005
Upstream,GLI3,,,
Upstream,ELAVL1,1.96,2.19,1.982
Canonical,LXR/RXR Activation,,,3.578
Canonical,PKR-mediated signaling,,,2
Functional,Glioma,,,
Upstream,TIA1,,,
Upstream,CYLD-AS1,,,
Canonical,TNFR2 non-canonical NF-kB pathway,,,
Canonical,Synaptogenesis Signaling Pathway,,,
Canonical,DDX58/IFIH1-mediated induction of interferon-alpha/beta,,,
Canonical,Activation of Matrix Metalloproteinases,,,
Canonical,HMGB1 Signaling,,,
Canonical,Immunogenic Cell Death Signaling Pathway,,,
Upstream,FADD,,,
Upstream,IFNK,,,
Upstream,Casp4,,,
Canonical,Sertoli Cell-Sertoli Cell Junction Signaling,,,
Upstream,TSH,,,
Upstream,TAC1,,,
Upstream,RNASE1,,,
Functional,Recruitment of neutrophils,,,
Upstream,Ifnl2/Ifnl3,,,
Upstream,IFN gamma,,,
Upstream,USP7,,,
Canonical,BBSome Signaling Pathway,,,
Upstream,PKD1,,,
Upstream,CXCL12,,,
Functional,Metabolism of nucleic acid component or derivative,,,
Upstream,PTGS2,,,0.501
Functional,Cell movement of lymphocytes,,,
Upstream,IFNA7,,,
Upstream,IFNA5,,,
Upstream,IFNA14,,,
Upstream,CD3E,,,
Upstream,IFNA6,,,
Upstream,IFNA10,,,
Upstream,IFNA21,,,
Upstream,MAPK7,,,
Upstream,IL13,,,
Upstream,PRKCA,1.481,1.762,1.762
Upstream,PTGES,,,
Functional,Coagulation of blood,,,
Upstream,PKC,,,
Functional,Cell movement of neutrophils,,-0.054,1.67
Functional,Proliferation of lymphatic system cells,,,0.104
Functional,Metabolism of eicosanoid,,,
Functional,Development of phagocytes,,,
Upstream,NFYC,,,
Upstream,NPM1,,,
Upstream,NR3C2,,,
Upstream,ITK,,,
Upstream,IL1R1,,,
Upstream,MEF2A,,1.941,
Upstream,RETNLB,,,
Upstream,TBX2,,,
Upstream,SOX11,,,
Upstream,CMTM3,,,
Upstream,IFNAR2,,,
Canonical,p38 MAPK Signaling,,,
Canonical,NAD Signaling Pathway,,,
Upstream,STAT5A/B,,,
Functional,Proliferation of blood cells,,,-0.364
Functional,Stimulation of T lymphocytes,,,
Upstream,EDN1,,,
Upstream,HSPA5,,,1.941
Upstream,CCL11,,,
Upstream,NCOA2,,2.4,1.762
Functional,Flux of inorganic cation,,,
Upstream,FN1,,,
Upstream,ANGPT2,,,0.861
Upstream,HMGN3,,,2
Upstream,PLK2,,,
Upstream,HSPA9,,,
Canonical,Kinesins,,,
Functional,Flux of cation,,,
Functional,Central nervous system tumor,,,
Functional,Central nervous system solid tumor,,,
Upstream,NFKB2,,,
Upstream,collagenase,,,
Upstream,EP400,,,
Upstream,CH25H,,,
Functional,Priming of cells,,,
Upstream,CEBPD,,,
Upstream,IKBKG,,,
Functional,Transport of ion,,,
Upstream,TNFSF11,,,
Upstream,IFNA17,,,
Upstream,STAT1/3/5 dimer,,,
Functional,Vasculogenesis,,,1.396
Upstream,TBX3,,,
Upstream,FLT3LG,,,
Functional,Proliferation of lymphocytes,0.042,,-0.534
Functional,Response of granulocytes,,,
Functional,Regulation of leukocytes,,,
Upstream,RNASE2,,,
Upstream,KDM3A,,,
Upstream,BCL2,,,
Upstream,NOS2,,,2
Upstream,CCDC134,,,
Upstream,MYBL2,,,
Upstream,CXCL8,,,
Functional,Flux of ion,,,
Upstream,UBR5,,,
Functional,Transport of cation,,,
Canonical,Wound Healing Signaling Pathway,,,
Upstream,NAMPT,,,
Functional,Nervous system neoplasm,,,
Upstream,TSLP,,,
Upstream,MAP3K7,1.757,1.757,1.813
Upstream,SNCA,,,1.065
Upstream,NFKBIZ,,,
Functional,Synthesis of reactive oxygen species,,,
Upstream,PRKCD,,,
Upstream,F2R,,,
Upstream,AREG,,,
Upstream,PDGF (complex),,,
Upstream,PLK4,,,
Upstream,FXR/RXRα/FXR ligand/retinoic acid,,,
Upstream,PTN,,,1.387
Functional,Central nervous system cancer,,,
Upstream,NFIC,,,
Upstream,STX18,,,
Canonical,Role of Pattern Recognition Receptors in Recognition of Bacteria and Viruses,,,
Canonical,Lung Ionic Balance Signaling Pathway,,,
Canonical,Nuclear Cytoskeleton Signaling Pathway,,,1
Upstream,PI3K (family),,,
Canonical,Colorectal Cancer Metastasis Signaling,,,
Canonical,Sheddase Signaling Pathway,,,
Functional,Metabolism of reactive oxygen species,,,
Canonical,Neutrophil Extracellular Trap Signaling Pathway,,,
Functional,Response of macrophages,,,
Upstream,CD5,,,
Upstream,RBX1,,,
Canonical,IL-15 Production,,,
Canonical,IL-17 Signaling,,,
Upstream,PIM1,,,1.981
Functional,Immune response of macrophages,,,1.435
Upstream,PLAT,,,
Upstream,TGFB3,,,
Upstream,RPTOR,,,
Functional,Cancer of cells,1.387,1.067,2.551
Functional,Ion homeostasis of cells,,-0.008,0.763
Upstream,HNF1B,,,
Canonical,Regulation of TLR by endogenous ligand,,,2
Canonical,Airway Pathology in Chronic Obstructive Pulmonary Disease,,,2
Upstream,ELL2,,,
Upstream,MOGAT2,,,
Upstream,XRCC5,,,
Canonical,TNFs bind their physiological receptors,,,
Canonical,ERK5 Signaling,,,
Canonical,Dissolution of Fibrin Clot,,,
Canonical,Toll-like Receptor Cascades,,,
Upstream,DELE1,,,
Upstream,MTOR,,,0.943
Functional,Formation of lymphoid tissue,,,
Upstream,FAS,,,
Functional,Synthesis of nitric oxide,,,
Functional,Cell proliferation of T lymphocytes,,,
Upstream,NR5A1,,,
Functional,Metabolism of amino acids,,,
Upstream,TNK1,,,
Upstream,CCL20,,,
Upstream,Lymphotoxin,,,
Functional,Binding of professional phagocytic cells,,,-0.125
Functional,Metabolism of terpenoid,,,1.131
Upstream,CREB3L3,,,
Upstream,MAP2K4,,,
Upstream,ACTN4,,,
Upstream,TLN1,,,
Upstream,ACSL4,,,
Upstream,MTORC1,,,
Upstream,TRADD,,,
Upstream,Hbb-b1,,,
Upstream,MAF,,,
Upstream,HNF4α dimer,,,
Upstream,STAT6 dimer,,,
Upstream,IKZF4,,,
Upstream,MAPK,,,
Upstream,IL10,,1.149,
Functional,Flux of Ca2+,,,0.826
Upstream,ICOS,,,
Upstream,E2F,,,
Upstream,ORAI1,,,
Upstream,FSH,,0.802,1.959
Functional,Interaction of phagocytes,,,
Upstream,SRC (family),,,
Upstream,S100A8,0,,1.387
Upstream,PPARA:RXRA Coactivator,,,
Upstream,PRKCQ,,,
Functional,Cell movement of B lymphocytes,,,
Upstream,SIM1,,,
Canonical,RAF/MAP kinase cascade,,,
Upstream,ASCL1,,,1.982
Functional,Binding of myeloid cells,,,0.208
Functional,Response of mononuclear leukocytes,,,
Upstream,IL1RL2,,,
Upstream,SS18,,,
Canonical,ABC-family proteins mediated transport,,,
Canonical,MHC class II antigen presentation,,,
Upstream,NR5A2,,,
Upstream,CX3CL1,,,
Canonical,Role of JAK family kinases in IL-6-type Cytokine Signaling,,,
Upstream,E2F1,,,
Upstream,DRD2,,,
Canonical,PIP3 activates AKT signaling,,,
Canonical,Regulation of the Epithelial Mesenchymal Transition by Growth Factors Pathway,,,
Upstream,YAP1,0.625,0.625,
Functional,Quantity of T lymphocytes,0.304,,
Functional,Differentiation of phagocytes,,,
Functional,Brain lesion,,,
Upstream,RAS,,,
Upstream,CYBB,,,
Upstream,PXR/RXRA/pxr ligand/retinoic acid,,,
Upstream,IRF2,,,0.882
Upstream,HGF,,,
Functional,Primary neoplasm,,,
Upstream,SMPD1,,,
Upstream,PIK3R1,,,
Upstream,LINC02574,2,2,2
Upstream,Il22/Il22b,,,
Upstream,HMGXB4,,,
Upstream,KCNJ10,,,
Upstream,AQP3,,,
Canonical,Regulation of beta-cell development,,,
Canonical,Nucleotide catabolism,,,
Canonical,MyD88:MAL(TIRAP) cascade initiated on plasma membrane,,,
Canonical,B Cell Receptor Signaling,,,
Canonical,Metabolism of porphyrins,,,
Upstream,KLF7,2,2,2
Upstream,GDF2,,,-0.152
Functional,Quantity of hematopoietic progenitor cells,,,
Upstream,EBF4,,,
Upstream,PTK2,,,
Functional,Transport of steroid,,,0.742
Upstream,FAM222A,2.224,2.224,2.224
Functional,Expansion of lymphatic system cells,,,
Upstream,FGFR1,,,
Upstream,IFNL2,,,
Upstream,LIN9,,,
Functional,Response of neutrophils,,,
Functional,Immune response of neutrophils,,,
Functional,Transport of inorganic cation,,,
Upstream,PALMD,,,
Upstream,RGS1,,,
Upstream,GCR/glucocorticoid dimer,,,
Functional,Conditioning,,,
Upstream,FGF2,,,1.186
Upstream,IPMK,,,
Upstream,VGLL3,,,
Upstream,RET,,,1.128
Upstream,CCR6,,,
Upstream,TRA2B,,,
Upstream,IL17R,,,
Canonical,Breast Cancer Regulation by Stathmin1,,,
Upstream,F2RL1,,,
Upstream,TF,,,
Upstream,FcER1,,,
Functional,Biosynthesis of carboxylic acid,,,
Upstream,TMEM120A,,,
Upstream,PPRC1,,,
Functional,Non-traumatic arthropathy,,,
Upstream,Fcgr3,,,
Upstream,CCL3,,,
Upstream,CD14,,,
Upstream,RIPK3,,,
Upstream,ECSIT,,,
Upstream,IL31,,,
Upstream,TLR8,,,
Upstream,ACVR1,,,
Upstream,SAA,,,
Upstream,ITGB1,,,
Upstream,IL23A,,,
Functional,Deterioration of connective tissue,,,
Upstream,pro-inflammatory cytokine,,,
Upstream,MDK,,,
Upstream,SCAP,,,
Upstream,CCL2,,,
Upstream,ABL1,,,
Functional,Hypersensitive reaction,-0.415,,
Functional,Transport of metal,,,
Upstream,OSMR,,,
Upstream,TRPV4,,,
Upstream,CAMP,,,
Canonical,Coagulation System,,,0.816
Functional,Melanoma,,,
Upstream,MLX,,,
Upstream,MEK,,,
Upstream,PGF,,,
Upstream,ZIC2,,,
Upstream,TFAP2A,,,
Upstream,ORMDL3,,,2
Canonical,"Role of Macrophages, Fibroblasts and Endothelial Cells in Rheumatoid Arthritis",,,
Upstream,THBS4,,,
Upstream,ELK1,,,
Upstream,NTRK2,,,
Upstream,MYB,,,
Upstream,EBF1,,,
Canonical,Interferon Signaling,,,
Canonical,Salvage Pathways of Pyrimidine Ribonucleotides,,,
Upstream,ACSS2,,,
Upstream,HRAS,,,
Upstream,PPARD,,,1.701
Upstream,PLAU,,,
Functional,Transport of metal ion,,,
Functional,Neurogenic lesion,,,
Canonical,Degradation of the extracellular matrix,,,
Canonical,Regulation of lipid metabolism by PPARalpha,,,
Upstream,CREBBP,,,
Upstream,IL9,,,
Functional,T cell migration,,,
Canonical,Ion channel transport,,,
Canonical,IL-27 Signaling Pathway,,,
Functional,Quantity of progenitor cells,,,
Upstream,MAPT,,,
Functional,Transmigration of cells,,,
Upstream,ETS1,,,
Functional,Synthesis of fatty acid,,,1.924
Upstream,IL32,,,
Upstream,LTBR,,,
Upstream,SMARCB1,,,2
Upstream,ATF6,,,
Upstream,NGF,0.865,,1.75
Upstream,OGA,,,
Upstream,XBP1,,,
Functional,Activation of B lymphocytes,,,
Upstream,IL6R,,,
Functional,Outgrowth of cells,,,
Upstream,RELB,,,
Upstream,mir-182,,,
Canonical,OAS antiviral response,,2,2
Upstream,SH3PXD2A-AS1,,,
Upstream,CHD1,,,
Upstream,SYK/ZAP,,,
Upstream,GNAI3,,,
Upstream,BTC,,,
Upstream,ANKRD17,,,
Upstream,Ifna1/Ifna1l1,,,
Upstream,H2AZ1,,,
Upstream,FMO3,,,
Upstream,CDC73,,,
Upstream,FGF,,,
Upstream,OAT,,,
Upstream,ZNFX1,,,
Upstream,RNF138,,,
Upstream,CDK2,,,
Upstream,CRKL,,,
Canonical,Superpathway of Citrulline Metabolism,,,
Canonical,Antigen Presentation Pathway,,,
Canonical,Interleukin-12 family signaling,,,
Canonical,Activation of NMDA receptors and postsynaptic events,,,
Canonical,G alpha (q) signalling events,,,
Canonical,Metabolism of steroid hormones,,,
Canonical,Interleukin-6 family signaling,,,
Canonical,Osteoarthritis Pathway,,,
Canonical,Folate Signaling Pathway,,,
Canonical,Nicotinate metabolism,,,
Canonical,Histidine Degradation III,,,
Canonical,Other interleukin signaling,,,
Canonical,Toll-like Receptor Signaling,,,
Canonical,Phenylalanine and tyrosine metabolism,,,
Canonical,Airway Inflammation in Asthma,,,
Canonical,Interleukin-20 family signaling,,,
Canonical,Glyoxylate metabolism and glycine degradation,,,
Upstream,SMAD5,,,
Upstream,POU5F1,,,
Upstream,IL36A,,,
Upstream,PARP2,,,
Upstream,EGOT,1.342,1.342,1.664
Functional,Steroid metabolism,,,1.131
Upstream,NFASC,,,
Upstream,CLEC12A,,,
Upstream,HNF4G,,,
Upstream,VIPR1,,,
Upstream,BID,,,
Upstream,LPAR5,,,
Upstream,Secretase gamma,,,
Upstream,Fibrinogen,,,
Upstream,GUCY2D,,,
Upstream,FZD9,,,
Upstream,STAT1/STAT2,,,
Upstream,ITGA2,,,
Upstream,CDK (family),,,
Upstream,FBXO42,,,
Functional,Cell movement of T lymphocytes,,,1.024
Upstream,TRAF4,,,
Upstream,growth hormone,,,
Upstream,ETS2,,,
Upstream,KRAS,-2.433,-2.138,-1.461
Upstream,TCF1/3/4,,,2.2
Functional,Quantity of antigen presenting cells,,,
Upstream,LOXL1,,,
Upstream,JINK1/2,,,
Upstream,ARNT2,,,
Upstream,LAT,,,
Upstream,CRTC2,,,
Upstream,CLEC4E,,,
Upstream,CFB,,,
Upstream,FC epsilon receptor,,,
Upstream,PRKD,,,
Functional,Solid tumor,,,
Upstream,YY1,,,
Upstream,IL21R,,,
Upstream,PCLAF,,,
Functional,Expansion of T lymphocytes,,,
Upstream,IFNL3,,,
Upstream,ICOSLG,,,
Canonical,Role of Tissue Factor in Cancer,,,2
Upstream,IL11RA,,,
Upstream,FABP4,,,
Upstream,ZBP1,,,
Upstream,SELPLG,,,
Upstream,CXCL10,,,
Upstream,TARDBP,,,
Upstream,hemoglobin,,,
Upstream,IL12A,,,
Functional,Learning,,,
Upstream,LTB4R,,,
Upstream,IL25,,,
Upstream,IL12 receptor,,,
Upstream,Cxcl1,,,
Upstream,C5AR1,,,
Upstream,ADIPOQ,,1.715,2.157
Upstream,C1QA,,,
Upstream,CD2,,,
Upstream,SPHK1,,,
Upstream,SRSF2,,,
Upstream,SELP,,,
Upstream,RBP4,,,
Upstream,Collagen type I (complex),,,
Upstream,TNFSF4,,,
Upstream,CD86,,,
Upstream,TNFRSF1B,,,2.2
Upstream,KDR,,,
Upstream,HOXD10,,,
Canonical,Leukocyte Extravasation Signaling,,,
Upstream,FBN1,,2.236,2.449
Upstream,CDK9,,,
Functional,Binding of polysaccharide,,,1.94
Upstream,Fc gamma receptor,,,
Canonical,Glycation Signaling Pathway,,,
Upstream,MAP2K6,,,
Upstream,HSPD1,,,
Canonical,Amyloid fiber formation,,,2
Upstream,TOX,,,
Upstream,CDK5R1,,,
Upstream,ODC1,,,
Canonical,Visual phototransduction,,,
Canonical,Role of NFAT in Regulation of the Immune Response,,,
Canonical,Role of MAPK Signaling in Inhibiting the Pathogenesis of Influenza,,,
Upstream,EGFR,,,
Upstream,YTHDC2,2.828,2.828,2.828
Canonical,Activation of IRF by Cytosolic Pattern Recognition Receptors,,,
Upstream,MOG,,,
Upstream,IFT88,,,
Upstream,PKA,,,
Upstream,KLRK1,,,
Functional,Differentiation of plasma cells,,,
Functional,Expansion of cells,,,-0.367
Upstream,CEBPE,,,
Upstream,Fcgr2b,,,
Upstream,RAC1,,,
Upstream,IL17RA,,,
Functional,Hemostasis,,,-0.332
Upstream,NEDD9,,,
Upstream,DNMT3B,,,
Upstream,DDIT4,,,
Canonical,Cardiac Hypertrophy Signaling (Enhanced),,,
Functional,Cognition,,,
Upstream,NOX4,,,
Functional,Expansion of lymphocytes,,,
Functional,Metabolism of alpha-amino acid,,,
Functional,Maturation of phagocytes,,,
Functional,Maturation of antigen presenting cells,,,
Upstream,PFKFB3,,,
Upstream,EP300,,,
Upstream,SMARCA4,-1.091,,0.686
Upstream,MAPKAP1,,,
Upstream,PADI2,,,
Upstream,P2RY4,,,
Upstream,EMSY,,,
Upstream,TRPC3,,,
Upstream,ZC3H14,,,
Upstream,PDHA1,,,
Upstream,PAIP1,,,
Upstream,LRRC10,,,
Upstream,TNFAIP2,,,
Upstream,ACTB,,,
Upstream,XYLT1,,,
Upstream,HPSE,,,
Upstream,GNA13,,,
Upstream,cyclooxygenase,,,
Upstream,FSHB,,,
Upstream,angiotensin II receptor type 1,,,
Upstream,HOXD3,,,
Upstream,MESP2,,,
Upstream,RAPGEF3,,,
Canonical,Translocation of SLC2A4 (GLUT4) to the plasma membrane,,,
Canonical,iNOS Signaling,,,
Canonical,Tryptophan catabolism,,,
Canonical,Cytoprotection by HMOX1,,,
Canonical,Assembly and cell surface presentation of NMDA receptors,,,
Canonical,Prednisone ADME,,,
Canonical,Insulin processing,,,
Canonical,Metabolism of Angiotensinogen to Angiotensins,,,
Canonical,Gustation Pathway,,,
Canonical,Atorvastatin ADME,,,
Canonical,Fructose metabolism,,,
Canonical,LGI-ADAM interactions,,,
Canonical,Oncostatin M Signaling,,,
Upstream,PHF21A,,,
Upstream,FLI1,,,
Functional,Cellular infiltration by macrophages,,,
Upstream,MAPK9,,,
Upstream,CTSK,,,
Upstream,RXR/VDR/vitamin D3,,,
Upstream,SELENOK,,,
Upstream,GCA,,,
Upstream,IFNW1,,,
Upstream,FOSL2,,,
Upstream,ITGAM,,,
Upstream,DDR1,,,
Upstream,WNT4,,0,
Functional,Renal tumor,,,
Upstream,HAPLN1,,,
Upstream,ITIH1,,,
Upstream,IL17A dimer,,,
Upstream,Ferritin,,,
Upstream,FCMR,,,
Upstream,BCKDK,,,
Upstream,IL4R,,,
Upstream,CTTN,,,
Upstream,SLC12A3,,,
Upstream,CD19,,,
Upstream,MBD2,,,
Upstream,IL36B,,,
Upstream,ITGA5,,,
Functional,Primary solid tumor,,,
Upstream,TIFA,,,
Upstream,elastase,,,
Upstream,AIMP1,,,
Functional,Response of lymphocytes,,,0.074
Functional,Quantity of helper T lymphocytes,,,
Upstream,TG,,,
Upstream,IL24,,,
Canonical,Glutaminergic Receptor Signaling Pathway (Enhanced),,,
Upstream,DDX21,,,
Functional,Advanced malignant solid tumor,,,1.72
Upstream,TCF/LEF,,,
Upstream,SPON2,,,
Upstream,PTGER1,,,
Upstream,PRKCB,,,
Upstream,MALT1,,,
Upstream,S100A10,,,
Upstream,GHSR,,,
Functional,Glioma cancer,,,
Functional,Glioblastoma,,,
Functional,High grade astrocytoma,,,
Functional,Blastoma,,,
Functional,Astrocytoma,,,
Upstream,CYBA,,,
Upstream,CASP6,,,
Upstream,SERPINB3,,,
Upstream,CTF1,,,
Functional,Antibacterial response,,,
Upstream,MTORC2,,,
Upstream,Alox15,,,
Upstream,Usp17la (includes others),,,
Upstream,ROCK2,,,
Upstream,MYOC,,,
Upstream,TRPM7,,,
Upstream,LAMA5,,,
Upstream,JAK2,,,
Upstream,ITGA9,,,
Upstream,TLR1,,,
Upstream,aldose reductase,,,
Upstream,CYP2E1,,,
Upstream,TLR5,,,
Upstream,STAT5B,,,
Upstream,PF4,1.718,2.216,1.987
Upstream,CXCL5,,,
Upstream,CYP4A11,,,
Upstream,ATP6AP2,,,
Upstream,PAX5,,,
Upstream,P2RX7,,,
Upstream,CXCL1,,,
Upstream,NFAT (complex),,,
Upstream,PPAR,,,
Canonical,Intrinsic Prothrombin Activation Pathway,,,
Canonical,Endothelin-1 Signaling,,,
Upstream,PIK3CD,,,
Functional,Brain cancer,,,
Upstream,CD209,,,
Upstream,BLK,,,
Functional,Cell death of tumor,,,
Upstream,EGR2,,,
Upstream,CSF1R,,,
Upstream,NGF,,,1.969
Upstream,MTTP,,,
Upstream,TRAF6,,,
Upstream,GDF15,,,
Upstream,CD80,,,
Upstream,GLI1,,,
Upstream,CELF1,,,
Upstream,NEUROG3,,,
Upstream,SERPINA1,,,
Functional,Expansion of blood cells,,,
Upstream,SIX2,,,
Upstream,TSPO,,,
Canonical,Death Receptor Signaling,,,
Canonical,Potassium Channels,,,
Canonical,Protein Sorting Signaling Pathway,,,
Canonical,Integration of energy metabolism,,,
Upstream,GCG,,,
Functional,Proliferation of B lymphocytes,-0.35,,
Upstream,ADORA3,,,
Upstream,RAG1,,,
Upstream,NCOR/LXR/RXR/oxysterol/9 cis RA,,,
Upstream,H2AB3,,,
Canonical,"Transport of vitamins, nucleosides, and related molecules",,,
Canonical,"GABA synthesis, release, reuptake and degradation",,,
Canonical,Pancreatic Adenocarcinoma Signaling,,,
Canonical,Epithelial Membrane Protein Signaling Pathway,,,
Upstream,IRF6,,,
Functional,Cellular infiltration by phagocytes,,,0.963
Upstream,P2RY2,,,
Functional,Expansion of mononuclear leukocytes,,,
Functional,Maturation of dendritic cells,,,
Functional,Soft tissue lesion,,,
Functional,Progressive neuromuscular disease,2.219,2.63,2.63
Functional,Neuromuscular disease with neuropathy,2.219,2.63,2.63
Upstream,NCOA1,,,
Upstream,SOX10,,,
Canonical,G-Protein Coupled Receptor Signaling,,,
Upstream,KDM6A,,,2.449
Upstream,CNTF,,,
Upstream,BMPR1A,,,
Upstream,POMC,,,
Functional,Expansion of lymphoid cells,,,
Upstream,BMI1,,,
Upstream,LTB,,,
Upstream,BMPR2,,,
Upstream,CDH11,,,
Upstream,TNFSF9,,,
Upstream,VTN,,,
Upstream,AVP,,,
Functional,Organization of cytoplasm,,,
Upstream,LCN2,,,
Upstream,FYN,,,
Functional,Prostatic tumor,,,
Upstream,PTF1A,,,
Upstream,RETN,,,
Upstream,RBPJ,,,
Upstream,DGCR8,,,
Upstream,MYC,-1.986,-2.091,-2.845
Upstream,NFYA,,,
Upstream,NR1I3,,,
Upstream,ELF3,,,
Upstream,EIF4E,,,
Functional,Skin lesion,,,0.826
Upstream,PLP1,,,
Functional,Survival of organism,1.872,0.375,1.731
Upstream,HUWE1,,,
Functional,Rheumatoid arthritis,,,
Functional,Chronic inflammatory arthropathy,,,
Upstream,WNT7A,,,
Upstream,METTL3,,-2,0.113
Upstream,GLI2,,,
Functional,Proliferation of peripheral blood leukocytes,,,
Functional,Expansion of leukocytes,,,
Upstream,TYROBP,,,
Functional,Catabolism of amino acids,,,
Upstream,PTPRC,,,
Upstream,SHH,,,
Functional,Antibody response,,,
Upstream,HDAC7,,,
Upstream,SMAD2/3,,,
Canonical,Hepatic Fibrosis Signaling Pathway,,,
Functional,Metastatic solid tumor,,,1.471
Upstream,S100A4,,,
Upstream,TLR6,,,
Upstream,BMP6,,,
Functional,Quantity of carbohydrate,,,0.607
Upstream,MSC,2,2.449,2.449
Canonical,Acute Phase Response Signaling,,,0.333
Upstream,CCR1,,,
Upstream,IL12B,,,
Upstream,IL19,,,
Functional,Osteoarthritis,,,
Upstream,DHX36,,,
Upstream,TICAM2,,,
Upstream,NCF1,,,
Canonical,Th2 Pathway,,,
Functional,Efflux of lipid,,,
Functional,Organization of cytoskeleton,,,2.436
Upstream,AKT1,,,
Upstream,RAG2,,,
Upstream,FGF8,,,
Upstream,SERPINF1,,,
Upstream,PTPN3,,,
Upstream,HSF1,,,
Upstream,GAB2,,,
Upstream,GRB2,,,
Canonical,IL-13 Signaling Pathway,,,
Canonical,Neurotransmitter release cycle,,,
Canonical,Extra-nuclear estrogen signaling,,,
Upstream,TNFRSF11A,,,
Upstream,IQGAP2,,,
Upstream,ROCK1,,,
Upstream,GH1,,,
Functional,Differentiation of antigen presenting cells,,,
Upstream,CXCR4,,,
Functional,Lower respiratory tract disorder,,,
Functional,Aggregation of blood cells,,,
Functional,Immune response of T lymphocytes,,,-0.415
Upstream,MAPKAPK2,,,
Upstream,ICAM1,,,
Upstream,PRMT1,,,
Upstream,PPARG,,,
Upstream,FEV,,,2
Upstream,mir-24 (includes others),,,
Upstream,CCR2,,,
Upstream,LGR5,,,
Upstream,C/EBP,,,
Upstream,LUCAT1,,,
Upstream,Collagen type IV,,,
Upstream,SMARCC1,,,
Upstream,MARK2,,,
Upstream,E2F2,,,
Upstream,CHI3L1,,,
Canonical,Antimicrobial peptides,,,
Canonical,Role of Osteoclasts in Rheumatoid Arthritis Signaling Pathway,,,
Canonical,Glioma Invasiveness Signaling,,,
Canonical,Pulmonary Healing Signaling Pathway,,,
Canonical,Formation of the nephric duct,,,
Canonical,Histidine catabolism,,,
Canonical,NR1H2 and NR1H3-mediated signaling,,,
Upstream,E2F3,,,
Functional,Cellular infiltration by myeloid cells,,,0.905
Upstream,PDX1,,,
Functional,Vascularization,,,
Upstream,THRA,,,
Functional,Quantity of dendritic cells,,,
Functional,Advanced lung cancer,,,2
Functional,Quantity of macrophages,,,
Functional,Damage of connective tissue,,,
Functional,Aggregation of cells,,,1.176
Functional,Apoptosis of T lymphocytes,,,
Upstream,CCND1,,,
Upstream,MAPK8,,,-1.259
Upstream,SMAD3,,0.068,-0.277
Upstream,TRB,,,
Upstream,HSP27,,,
Upstream,CDX1,,,
Upstream,C1QTNF1,,,
Functional,Cell-cell contact,,,
Upstream,Asgr1,,,
Functional,Extracranial solid tumor,0,0.796,0.518
Upstream,PPARGC1A,,1.467,1.824
Upstream,MAFB,,-2,
Upstream,FGF10,,,
Functional,Progression of tumor,,,
Upstream,NFIL3,,,
Upstream,TNFRSF1A,,,
Upstream,RXRA,,,-0.391
Functional,Blood clot,,,
Upstream,estrogen receptor,,,
Upstream,NR1H4,,,0.33
Upstream,CARD9,,,
Upstream,GNAS,,,
Upstream,EIF2AK4,,,
Upstream,IRF8,,,-0.152
Upstream,LGALS1,,,
Upstream,CAMK4,,,
Upstream,PHACTR1,,,
Functional,Concentration of lipid,,,1.25
Upstream,PAX8,,,
Upstream,GNAQ,,,
Upstream,ARNT,,,
Upstream,HK2,,,
Functional,Genitourinary tumor,,,
Functional,Development of head,,,
Upstream,CD247,,,
Upstream,IL2RG,,,
Upstream,RPS6KA5,,,
Upstream,MSTN,,,
Upstream,CALCA,,,
Upstream,IKBKE,,,
Functional,Metabolism of L-amino acid,,,
Upstream,CD47,,,
Canonical,Pulmonary Fibrosis Idiopathic Signaling Pathway,,,2
Canonical,Autism Signaling Pathway,,,
Upstream,CD81,,,
Upstream,FASN,,,
Canonical,IL-6 Signaling,,,
Canonical,Integrin cell surface interactions,,,
Canonical,"D-myo-inositol (1,4,5,6)-Tetrakisphosphate Biosynthesis",,,
Canonical,"D-myo-inositol (3,4,5,6)-tetrakisphosphate Biosynthesis",,,
Upstream,VCAN,2.343,2.335,2.335
Functional,Advanced extracranial solid tumor,,,1.982
Functional,Mammary tumor,,,
Upstream,DPP4,,,
Functional,Quantity of lymphoid tissue,,,
Functional,Biliary tract adenocarcinoma,,,
Functional,Male genital neoplasm,,,
Upstream,Ccr5,,,
Upstream,EHMT1,,,
Canonical,HOTAIR Regulatory Pathway,,,
Canonical,Acetylcholine Receptor Signaling Pathway,,,
Upstream,PIK3R2,,,
Upstream,EOMES,,,
Functional,Response of lymphatic system cells,,,
Functional,Neovascularization,,,
Upstream,GATA2,,,
Functional,Arrhythmia with structural heart disease,,,
Functional,Supraventricular arrhythmia,,,
Functional,Catabolism of alpha-amino acid,,,
Functional,Quantity of IgG2b,,,
Upstream,PIM3,,,
Upstream,ARID5A,,,
Functional,Arrhythmia,,,
Upstream,NOTCH2,,,
Upstream,SQSTM1,-0.152,-0.152,0
Upstream,MIR31HG,,,
Upstream,PARP9,2.236,2.236,2.236
Upstream,HMGA2,,,
Functional,Ventricular dysfunction,,,
Functional,Malignant solid tumor,-0.223,,
Upstream,Cxcl10,,,
Upstream,FGF18,,,
Upstream,histone H3,,,
Functional,Metabolism of acylglycerol,,,1.982
Upstream,PRKACA,,,
Upstream,DDIT3,,,
Upstream,NLRC5,,,
Functional,Uveal or cutaneous melanoma,,,
Functional,Cutaneous melanoma,,,
Upstream,TIRAP,,,
Functional,Cell-mediated response,,,
Functional,Damage of kidney,,0.927,-1.165
Functional,Immediate hypersensitivity,,,
Functional,Atopy,,,
Upstream,CREB3L1,,,
Upstream,IL13RA2,,,
Upstream,MMP1,,,
Functional,Intracranial lesion,,,
Functional,Autoimmune neurological disorder,1.294,2.155,2.906
Upstream,INHBB,,,
Functional,Microtubule dynamics,,,2.435
Upstream,SGK1,,,
Upstream,IGF1R,,,-0.447
Functional,Neurotransmission,,,
Functional,Dysfunction of heart,,,
Functional,Respiratory system tumor,,,
Upstream,USF1,,,
Upstream,FGFR4,,,
Upstream,HOXC8,,,
Upstream,MUC16,,,
Canonical,TGF-β Signaling,,,
Canonical,Opioid Signaling Pathway,,,
Canonical,Collagen degradation,,,
Functional,Intrathoracic organ tumor,,,
Functional,Thoracic neoplasm,,,
Upstream,CSF3,,,
Upstream,SOX2,,,0.426
Upstream,ESRRA,,,
Functional,Lung injury,,-1.188,-0.714
Upstream,HOXA9,,,
Functional,Differentiation of helper T lymphocytes,,,
Upstream,SOX8,,,
Upstream,PTGER3,,,
Upstream,C3,,,
Upstream,MAP3K20,,,
Upstream,NADPH oxidase,,,
Upstream,CASR,,,
Upstream,Pycard,,,
Upstream,CCN4,,,
Upstream,EXT1,,,
Upstream,RARA,-1.342,-1,-1.408
Upstream,PRKCZ,,,
Functional,Urinary tract cancer,,,
Functional,Atopic disease,,,
Upstream,mir-365 (includes others),,,
Upstream,IL1RAP,,,
Upstream,GCGR,,,
Upstream,Saa1/Saa2,,,
Upstream,IKK (complex),,,
Upstream,HDAC4,,,1.477
Functional,Abnormal morphology of digestive system,,,
Functional,Left ventricular dysfunction,,,
Functional,Development of body axis,,,
Functional,Cytolysis,,,
Upstream,SPHK2,,,
Upstream,SOCS2,,,
Upstream,THBS1,,,
Upstream,STAP2,,,
Functional,Head and neck cancer,,,
Functional,Cancer of head,,,
Upstream,MAPK11,,,
Functional,Quantity of IgG1,1.951,,
Upstream,PLTP,,,
Upstream,SGPL1,1.969,1.969,2.2
Functional,Damage of lung,,,-0.199
Upstream,T3/TR/RXR,,,
Upstream,SOST,,,
Upstream,PGLYRP2,,,
Upstream,SAMD8,,,
Upstream,MAP3K12,,,
Upstream,FDFT1,,,
Canonical,IL-15 Signaling,,,
Functional,Nonhematologic malignant neoplasm,,,
Functional,Rheumatic disease,,,
Upstream,SMAD4,,,
Upstream,NOTCH3,,,
Upstream,PTH,,,
Functional,Quantity of CD8+ T lymphocyte,-0.686,,
Upstream,TCF3,,,
Functional,Extrahepatic metastasis,,,2
Upstream,ANGPTL4,,,
Upstream,DHX9,,,
Upstream,PIM2,,,
Upstream,RFX1,,,
Functional,Damage of genitourinary system,,,-1.287
Upstream,SALL4,,,
Upstream,Laminin (complex),,,
Functional,Lung tumor,,,
Upstream,TGF beta,,,
Functional,Movement of CD4+ T-lymphocytes,,,
Functional,Accumulation of cells,,,
Upstream,NPY,,,
Canonical,Platelet homeostasis,,,
Upstream,MAP3K1,,,
Upstream,RARB,1,1,-0.378
Upstream,EMX2,,,
Upstream,TREM1,,,
Upstream,PIEZO1,,,
Canonical,Neurovascular Coupling Signaling Pathway,,,
Upstream,USP37,,,
Upstream,ZNF148,,,
Upstream,FOXL2,,,
Functional,Neuromuscular disease,1.664,2.63,2.63
Upstream,MIF,,,-1
Upstream,MAP3K2,,,
Upstream,DIO2,,,
Canonical,Phospholipases,,,
Canonical,PI3K Signaling in B Lymphocytes,,,
Canonical,RHOGDI Signaling,,,
Canonical,Calcium Signaling,,,
Canonical,Role of JAK1 and JAK3 in γc Cytokine Signaling,,,
Upstream,TFPI2,,,
Upstream,TGFA,,,
Upstream,WNT5A,,,
Upstream,SYK,,,
Upstream,PDGF-AB,,,
Upstream,EREG,,,
Upstream,CDX2,,,
Upstream,PLA2G10,,,
Upstream,ELF4,,,
Upstream,TNFAIP6,,,
Upstream,ATXN3,,,
Functional,Breast or ovarian neoplasm,,,
Upstream,ITGB4,,,
Upstream,RUNX1,,,
Upstream,FSTL1,,,
Upstream,NFYB,,,
Upstream,AXL,,,
Upstream,BSG,,,1.123
Upstream,NAT10,,,
Upstream,MAP3K3,,,
Upstream,GATA4,,0.28,
Upstream,STAT4 dimer,,,
Functional,Urinary tract tumor,,,
Upstream,HTT,,,
Upstream,SLC40A1,,,
Upstream,BAX,,,
Upstream,VIM,,,
Upstream,RPS6KB1,,,
Functional,Development of epithelial tissue,,,0.342
Upstream,RUNX2,,,
Upstream,IGF2,,,
Upstream,insulin,,-0.009,0.263
Upstream,RPS6KA3,,,
Upstream,GATA1,,,
Upstream,MAC,,,
Upstream,HRH2,,,
Upstream,RTN4,,,
Upstream,CXCR3,,,
Functional,Airway hyperresponsiveness,,,
Upstream,NFE2L2,-0.981,-0.981,-1.55
Canonical,Myelination Signaling Pathway,,,1
Functional,Growth of epithelial tissue,,,
Functional,Interaction of protein,,-0.784,-0.245
Upstream,TGFB1,0.194,0.343,-0.052
Upstream,HOXA11-AS,,,
Upstream,CNR1,,,
Functional,Myocardial dysfunction,,,
Functional,T cell response,,,
Upstream,WBP2,,,
Canonical,GABAergic Receptor Signaling Pathway (Enhanced),,,
Upstream,PTH1R,,,
Upstream,TCF21,,,
Upstream,AGER,,,
Upstream,ISL1,,,
Upstream,TAL1,,,
Upstream,LGALS3,,,
Upstream,CCN1,,,
Upstream,MDM2,,,
Upstream,FOXO4,,,
Upstream,PEX5,,,
Upstream,LPA,,,
Upstream,ADAMTSL2,,,
Upstream,S1PR4,,,
Upstream,ABL2,,,
Canonical,Iron uptake and transport,,,
Canonical,Fcγ Receptor-mediated Phagocytosis in Macrophages and Monocytes,,,
Canonical,Xenobiotic Metabolism AHR Signaling Pathway,,,
Upstream,FEN1,,,
Functional,Tumorigenesis of gastrointestinal tumor,,,
Functional,Colorectal carcinoma,,,
Functional,Development of colorectal tumor,,,
Upstream,TRPM2-AS,,,
Upstream,SOX6,,,
Upstream,Aldh1a1,,,
Upstream,DDOST,,,
Functional,Binding of endothelial cells,,,
Upstream,ONECUT1,,,
Upstream,TFE3,,,
Upstream,USP47,,,
Upstream,MYRF,,,0.958
Functional,Heart conduction disorder,,,
Upstream,OGT,,,
Functional,Acute respiratory disorder,,,
Functional,Quantity of IgG,2.212,,
Functional,Mood disorders,,,
Functional,Depressive disorder,,,
Upstream,KLF5,,,
Upstream,RORC,,,
Functional,Non-hematological solid tumor,,,
Upstream,FABP1,,,
Upstream,IFN lambda,,,
Upstream,LGR4,,,
Upstream,THRB,,,0
Upstream,OTX2,,,
Upstream,BIRC2,,,
Upstream,EFNB2,,,
Functional,Uptake of lipid,,,-0.655
Upstream,SERPINE1,,,
Upstream,POU4F1,,,
Upstream,IgA,,,
Functional,Homeostasis of inorganic cation,,,
Functional,Homeostasis of metal ion,,,
Upstream,FBXL6,,,
Functional,Infarction,,,-0.059
Upstream,STC1,,,
Upstream,FOXI1,,,
Upstream,KIT,,,
Canonical,Docosahexaenoic Acid (DHA) Signaling,,,
Canonical,Cyclophilin Signaling Pathway,,,
Upstream,FASLG,,,
Upstream,PRMT5,,,
Upstream,CARM1,,,
Upstream,WNT3A,,,
Upstream,RRM2,,,
Upstream,S1PR2,,,
Functional,Accumulation of blood cells,,,1.134
Upstream,HDAC6,,,
Upstream,MAT2A,,,
Upstream,TOR1AIP1,,,
Canonical,D-myo-inositol-5-phosphate Metabolism,,,
Canonical,O-linked glycosylation,,,
Canonical,IL-10 Signaling,,,
Canonical,Superpathway of Inositol Phosphate Compounds,,,
Canonical,Neuroprotective Role of THOP1 in Alzheimer's Disease,,,
Upstream,PCSK9,,,
Functional,Large intestine carcinoma,,,
Upstream,GCR/glucocorticoid,,,
Upstream,PTK2B,,,
Upstream,HNRNPA2B1,,,
Upstream,CRTC1,,,
Upstream,ANGPTL2,,,
Upstream,NFIX,,,
Upstream,PIK3CA,,,
Upstream,CAR/RXRα/CAR ligand/retinoic acid,,,
Upstream,TGFBR,,,
Upstream,BMPR1B,,,
Upstream,AGTR1,,,
Upstream,ST14,,,
Upstream,NCOA6,,,
Functional,Skin tumor,,,
Functional,Neovascularization of organ,,,
Upstream,FTO,,,
Upstream,FGF7,,,
Upstream,OLR1,,,
Upstream,BMP4,,,
Functional,Malignant solid organ tumor,,,
Upstream,GPER1,,,2.177
Upstream,NAE1,,,
Upstream,CRH,,,
Upstream,DCN,,,
Upstream,CYTOR,,,
Functional,Quantity of phagocytes,0.855,,0.101
Upstream,IRAK1,,,
Upstream,PLAUR,,,
Functional,Diabetes mellitus,,,
Functional,Efflux of cholesterol,,,1.38
Upstream,TREM2,,,
Upstream,TNFSF10,,,1
Functional,Quantity of myeloid cells,,,0.037
Upstream,KAT5,,,
Functional,Malignant neoplasm of male genital organ,,,
Functional,Acute lung injury,,,
Upstream,ELN,,,
Upstream,PLCL1,,,
Upstream,NRP1,,,
Upstream,IER3IP1,,,
Upstream,BLM,,,
Upstream,CD79A,,,
Upstream,CMTM7,,,
Upstream,ARG2,,,
Upstream,LBP,,,
Upstream,ZFP36L2,,,
Upstream,PCDH11Y,,,
Upstream,TYR,,,
Upstream,SUZ12,,,
Upstream,HOXB5,,,
Upstream,CD8 (family),,,
Upstream,C1Q,,,
Upstream,COL1A2,,,
Upstream,ACOX1,,,
Upstream,DHCR24,,,
Upstream,PCBP2,,,
Canonical,MSP-RON Signaling in Macrophages Pathway,,,
Canonical,Complement System,,,
Canonical,Interleukin-7 signaling,,,
Canonical,Neurotransmitter clearance,,,
Canonical,"Tryptophan Degradation X (Mammalian, via Tryptamine)",,,
Canonical,RUNX1 and FOXP3 control the development of regulatory T lymphocytes (Tregs),,,
Canonical,Ethanol Degradation II,,,
Canonical,"BMAL1:CLOCK,NPAS2 activates circadian gene expression",,,
Canonical,Serotonin Degradation,,,
Canonical,Noradrenaline and Adrenaline Degradation,,,
Upstream,ERN1,,,
Upstream,TNF receptor,,,
Upstream,PTGS1,,,
Functional,Immune response of lymphocytes,,,0
Upstream,SPARC,,,
Upstream,FGF21,,,
Functional,Occlusion of blood vessel,,,0.302
Upstream,TRPS1,,,
Upstream,FOXA3,,,
Functional,Left ventricular heart disease,,,-0.469
Functional,Abnormality of left ventricle,,,-0.469
Functional,Progressive motor neuropathy,2.219,2.63,2.138
Functional,Progressive neuropathy,,,
Upstream,Ccl3,,,
Functional,Cell death of T lymphocytes,,,
Upstream,USP39,,,
Upstream,JAG1,,,
Functional,Systemic autoimmune syndrome,,,
Upstream,KAT2B,,,
Upstream,IL17F,,,
Upstream,ARHGAP31,,,
Upstream,TAFAZZIN,-0.64,-0.277,
Functional,Brain tumor,,,
Upstream,RBMS1,,,
Upstream,IGFBP3,,,
Upstream,CNR2,,,
Upstream,ACVRL1,,,
Functional,Malignant neoplasm of respiratory system,,,1.2
Upstream,CDK6,,,
Upstream,TP53,1.701,1.498,0.975
Upstream,WT1,,,
Functional,Occlusion of artery,,,0.407
Upstream,CD200R1,,,
Upstream,KDM5A,,,
Canonical,p70S6K Signaling,,,
Upstream,CD80/CD86,,,
Upstream,FGF19,,,
Canonical,RAR Activation,,,
Upstream,AR,-0.928,-0.816,1.886
Upstream,BACE1,,,0.152
Upstream,PHB2,,,
Upstream,KDM6B,,,
Functional,Abnormality of heart ventricle,,,-0.469
Upstream,GATA6,,0.33,
Functional,Development of abdomen,,,
Upstream,GAST,,,
Upstream,TIGIT,,,
Upstream,CRP,,,
Functional,Chronic respiratory disorder,,,
Upstream,HSP70,,,
Functional,Proliferation of epithelial cells,,,
Upstream,ZEB1,,,
Upstream,MAOA,,,
Upstream,NCOA3,,,
Upstream,TXK,,,
Upstream,INHBA,,,
Upstream,PHLDA1,,,
Functional,Emotional behavior,,,
Upstream,BDNF,,,2.214
Upstream,ESR2,,,
Functional,Vaso-occlusion,,,-0.019
Upstream,SORL1,,,
Upstream,GSK3,,,
Functional,Mature lymphocytic neoplasm,,,
Upstream,CMKLR1,,,
Upstream,RORA,,,
Upstream,EHF,,,
Functional,Cholesterol transport,,,0.508
Canonical,Phospholipase C Signaling,,,
Upstream,GNRH,,,
Upstream,ADAM12,,,
Functional,Intrathoracic malignant tumor,,,
Upstream,FABP5,,,
Upstream,PELP1,,,
Upstream,EIF4B,,,
Upstream,TEAD2,,,
Upstream,OSCAR,,,
Upstream,ZNF281,,,
Upstream,CDH3,,,
Canonical,Arachidonic acid metabolism,,,
Canonical,Eicosanoid Signaling,,,
Canonical,Gap junction trafficking and regulation,,,
Functional,Skin cancer,,,
Upstream,PPIA,,,
Functional,Atherosclerosis,,,0.407
Upstream,NF2,,,
Upstream,TSC1,,,
Functional,Arteriosclerosis,,,
Functional,Colon carcinoma,,,
Functional,Progressive neurological disorder,2.219,1.941,1.539
Upstream,HDAC5,,,
Functional,Lung cancer,,,1.2
Functional,Non-central nervous system malignant neoplasm,,-0.106,0.412
Upstream,PABPC1,,,
Upstream,TET1,,,
Upstream,CTNNB1/TCF,,,
Canonical,Orexin Signaling Pathway,,,
Upstream,SP3,,,
Functional,Musculoskeletal lesion,,-0.927,0.906
Functional,Hematopoietic neoplasm,,,
Upstream,NR3C1,,,
Functional,Stomach tumor,,,
Upstream,IFITM1,,,
Upstream,FNDC5,,,
Upstream,IFIT2,,,
Upstream,SPIN1,,,
Upstream,SELE,,,
Upstream,CEACAM1,,,
Functional,Inflammation of nervous system,,,
Upstream,TCF4,,,
Upstream,RICTOR,,,
Upstream,NR2F2,,,
Upstream,APOC3,,,
Upstream,ANXA2,,,
Upstream,MERTK,,,
Functional,Accumulation of antigen presenting cells,,,
Functional,Hepatobiliary carcinoma,,,
Upstream,IL7R,,,
Functional,Neurological signs,,,-1
Upstream,CGB3 (includes others),,,
Upstream,relaxin,,,
Canonical,Synaptic Long Term Depression,,,
Functional,Encephalomyelitis,,,
Functional,Myelitis,,,
Upstream,NR4A2,,,
Upstream,LGALS9,,,
Functional,Concentration of acylglycerol,,,
Functional,Abdominal cancer,,,-1.235
Functional,Retinal vasculopathy,,,
Upstream,JUND,,,
Upstream,GIP,,,
Upstream,TWIST2,,,
Upstream,BCL2L1,,,
Upstream,MIAT,,,
Canonical,IL-7 Signaling Pathway,,,
Canonical,JAK/STAT Signaling,,,
Canonical,Gαi Signaling,,,
Canonical,STAT3 Pathway,,,
Canonical,Ferroptosis Signaling Pathway,,,
Functional,Accumulation of leukocytes,,,
Upstream,mir-15 (includes others),2,2,1.522
Functional,Inflammation of central nervous system,,,
Upstream,MMP9,,,
Functional,Non rhabdoid tumor,,,1.744
Upstream,MSR1,,,
Upstream,NFKBIB,,,
Functional,Quantity of monosaccharide,,,
Functional,Immune response of brain,,,
Upstream,EPO,,,
Canonical,cAMP-mediated signaling,,,
Canonical,ID1 Signaling Pathway,,,
Functional,Disease of retina,,,
Upstream,SMAD2,,,
Functional,Experimental autoimmune encephalomyelitis,,,1.765
Functional,Hashimotos encephalitis,,,
Upstream,POSTN,,,
Functional,Allergy,,,
Functional,Quantity of protein in blood,,,1.355
Upstream,CYP19A1,,,
Upstream,LDLR,,,
Functional,Quantity of IgM,0.72,,
Upstream,KAT6A,,,
Functional,Inflammation of joint,,,0.906
Upstream,PAX6,,,
Upstream,IFRD1,,,
Upstream,CCL4,,,
Upstream,MOGAT1,,,
Upstream,TRAF2,,,
Upstream,TXN,,,
Upstream,PEBP1,,,
Upstream,SLC22A5,,,
Upstream,CRHR2,,,
Upstream,PADI4,,,
Functional,Encephalitis,,,1.483
Upstream,NGFR,,,
Functional,Necrosis of epithelial tissue,,0.099,
Upstream,KMT2A,,,
Functional,Proliferation of activated T lymphocytes,,,
Upstream,GPR174,,,
Canonical,ABRA Signaling Pathway,,,
Canonical,Cardiac conduction,,,
Canonical,Stress Granule Signaling Pathway,,,
Upstream,FDX1,,,
Functional,Abdominal carcinoma,,,
Upstream,HEY2,,,
Functional,Homeostasis of ion,,,
Functional,Demyelination,,1.941,1.828
Functional,Accumulation of phagocytes,,,
Functional,Injury of kidney,,,
Functional,Chronic inflammatory disorder,,,
Functional,Lymphohematopoietic neoplasia,,,
Upstream,MAZ,,,
Functional,Quantity of CD4+ T-lymphocytes,,,
Upstream,OGG1,,,
Upstream,TNC,,,
Upstream,ADORA2B,,,
Functional,Quantity of monoamines,,,
Functional,Size of lesion,,,-0.749
Upstream,GAS6,,,
Upstream,MECP2,,,1.165
Upstream,ID2,,,
Functional,Granuloma,,,
Upstream,ANXA1,,,
Upstream,ADORA2A,,,0
Upstream,SLIT2,,,
Upstream,RAF,,,
Upstream,C1QTNF6,,,
Upstream,PDLIM2,,,
Upstream,PPIF,,,
Upstream,USP9X,,,
Canonical,MSP-RON Signaling in Cancer Cells Pathway,,,
Upstream,ID3,,,
Upstream,LEPR,,,1.387
Upstream,ADCYAP1,,,0.6
Functional,Hematological or lymphatic system tumor,,,
Upstream,NKX2-5,,,
Upstream,FABP3,,,
Canonical,Gap Junction Signaling,,,
Functional,Benign oral disorder,,,
Functional,Renal lesion,,,
Upstream,MMP,,,
Functional,Accumulation of myeloid cells,,,
Functional,Development of body trunk,,,
Upstream,RARG,,,
Functional,Gastrointestinal carcinoma,,,
Upstream,C3AR1,,,
Upstream,CLOCK,,,
Upstream,IgG2a,,,
Upstream,TP63,,-1.98,
Upstream,TSC22D3,,,
Functional,Production of protein,,,
Upstream,KLF3,,,
Upstream,INSR,,,-1.32
Canonical,LPS/IL-1 Mediated Inhibition of RXR Function,,,
Canonical,HEY1 Signaling Pathway,,,
Functional,Concentration of triacylglycerol,,,0.849
Upstream,HVCN1,,,
Upstream,LIPG,,,
Functional,Concentration of sterol,,,2.05
Upstream,GDNF,,,
Functional,Accumulation of macrophages,,,
Upstream,EGLN1,,,
Upstream,RYR2,,,
Upstream,IL18R1,,,
Upstream,LATS,,,
Upstream,PAX3,,,
Functional,Malignant hepatobiliary neoplasm,,,-0.943
Functional,Hepatobiliary system cancer,,,-0.943
Functional,Function of leukocytes,,,
Functional,Function of blood cells,,,
Canonical,Pancreatic Secretion Signaling Pathway,,,
Upstream,PIAS1,,,
Functional,Proliferation of T lymphocytes in spleen,,,-0.742
Upstream,NR4A3,,1.154,
Functional,T-cell non-Hodgkin lymphoma,,,
Functional,Systemic lupus erythematosus,,,
Upstream,GRK2,,,
Upstream,PHEX,,,
Upstream,SATB2,,,
Upstream,BATF,,,
Upstream,IDH1,,,
Upstream,STRA8,,,
Upstream,SRA1,,,
Canonical,PI3K/AKT Signaling,,,
Upstream,GJA1,,,
Upstream,IgM,,,
Functional,Accumulation of lymphocytes,,,
Functional,Dysmyelination,,1.941,1.448
Upstream,USP22,,-1.387,-1.387
Functional,Atherogenesis,,,-0.29
Upstream,ADM2,,,
Upstream,NR1I2,,,-0.849
Upstream,TNFRSF6B,,,
Upstream,CETP,,,
Upstream,DLX1,,,
Upstream,UCHL1,,,
Upstream,PIK3CG,,,
Functional,Insulin-dependent diabetes mellitus,,,
Upstream,ARL6IP1,,,
Upstream,FOSB,,,
Functional,Pelvic tumor,,,0.254
Upstream,TNFRSF9,,,
Functional,Pelvic cancer,,,
Upstream,MED13,,,
Upstream,TNPO3,,,
Canonical,VDR/RXR Activation,,,
Canonical,Semaphorin interactions,,,
Canonical,Hepatic Cholestasis,,,
Canonical,Gene and protein expression by JAK-STAT signaling after IL-12 stimulation,,,
Functional,Vasculitis,,,
Upstream,TRAF3,,,
Upstream,SOX9,,,
Functional,Differentiation of progenitor cells,,,
Upstream,YWHAQ,,,
Upstream,PLD2,,,
Upstream,HOTAIR,,,
Upstream,CD274,1.104,1.104,1.104
Upstream,NR1H2,,,
Functional,Pancreaticobiliary cancer,,,
Upstream,EPHX2,,,
Functional,Ductal adenocarcinoma,,,
Functional,Ductal carcinoma,,,
Upstream,collagen type i (family),,,
Upstream,ROCK,,,
Functional,Loss of hair,,,
Upstream,scavenger receptor class A,,,
Upstream,TINCR,,,
Upstream,DKK1,,,
Upstream,focal adhesion kinase,,,
Functional,Abdominal adenocarcinoma,,,
Upstream,FFAR3,,,
Upstream,S100A6,,,
Canonical,Gαq Signaling,,,
Upstream,LPL,,,
Upstream,RIPK1,,,
Functional,Disorder of hair,,,
Upstream,mir-10 (includes others),,,
Functional,Apoptosis of lymphatic system cells,,,
Upstream,BICD2,,0.908,0.908
Functional,Malignant neoplasm of retroperitoneum,,,
Upstream,BARX2,,,
Upstream,MMP2,,,
Functional,Atrophy of organ,,,
Upstream,mir-223,,,
Upstream,IRAK4,,,
Upstream,mir-130 (includes others),,,
Upstream,PRKCSH,,,
Functional,Pancreatobiliary adenocarcinoma,,,
Upstream,PARK7,,,
Upstream,VDR,,-0.254,
Functional,Liver carcinoma,,,
Functional,Upper abdominal cancer,,,-0.943
Functional,Hepatobiliary neoplasm,,,-0.447
Upstream,LPAR1,,,
Functional,Quantity of steroid,,,1.413
Functional,Extrapancreatic malignant tumor,,,0.234
Functional,Familial encephalopathy,,,
Upstream,HAS2,,,
Upstream,METTL1,,,
Canonical,Xenobiotic Metabolism PXR Signaling Pathway,,,
Canonical,Xenobiotic Metabolism CAR Signaling Pathway,,,
Functional,Quantity of memory T lymphocytes,,,
Upstream,MTA1,,,
Upstream,NCOR2,,,
Functional,Intra-abdominal infection,,,
Functional,Malignant genitourinary solid tumor,,,
Upstream,NOTCH1,,,
Functional,Acute disease,,-1.187,-1.126
Functional,Non-Hodgkin lymphoma,,,
Upstream,BMP,,,
Upstream,FYB1,,,
Upstream,IL6ST,,,
Canonical,SNARE Signaling Pathway,,,
Functional,Mediastinal lesion,-1.154,,
Upstream,MEIS2,,,
Upstream,ITGB3,,,
Functional,Function of mononuclear leukocytes,,,
Canonical,Sertoli Cell-Germ Cell Junction Signaling Pathway (Enhanced),,,
Upstream,mir-127,,,
Upstream,NR1H3,,,
Upstream,TANK,,,
Upstream,C1Q (family),,,
Upstream,PKM,,,
Upstream,TRG,,,
Functional,Proliferation of CD4+ T-lymphocytes,,,
Upstream,ZNF768,,,
Upstream,BMP7,,,
Functional,Accumulation of T lymphocytes,,,
Functional,Genital tumor,,,0.254
Upstream,miR-335-3p (miRNAs w/seed UUUUCAU),,,
Upstream,Cyp2c23,,,
Upstream,KEAP1,,,
Functional,Development of urinary tract,,,
Functional,Abdominal neoplasm,,,
Functional,Formation of kidney,,,
Upstream,SAA1,,,
Functional,Quantity of neurotransmitter,,,
Upstream,FOXP3,,,
Functional,Liver cancer,,,
Upstream,SLCO1C1,,,2
Upstream,TEAD4,,,
Upstream,ABCA1,,,1.015
Functional,Pancreaticobiliary neoplasm,,,
Functional,Septic shock,,,
Functional,Lupus erythematosus,,,
Upstream,UCP1,,,
Functional,Apoptosis of leukocytes,-1.432,,
Functional,Cellular infiltration by blood cells,,,
Upstream,FOXA2,,1.069,1.441
Functional,Mass of organism,,,
Upstream,DLK1,,,
Upstream,HSPB1,,,
Functional,Apoptosis of lymphocytes,-1.98,,
Upstream,ELANE,,,
Functional,Hepatocellular carcinoma,,,
Upstream,NOS1,,,
Upstream,DBP,,,
Upstream,C9orf72,,,
Upstream,TNFRSF25,,,
Upstream,CTBP1,,,
Upstream,LY6E,,,
Upstream,NUPR1,,,
Upstream,ANGPT1,,,
Functional,Head and neck tumor,,,
Upstream,NEU1,,,
Upstream,LECT2,,,
Upstream,GATAD2B,,,
Upstream,PRKCI,,,
Upstream,TRPA1,,,
Upstream,RAR/RXR/retinoic acid,,,
Functional,Cell death of lymphatic system cells,,,
Upstream,CDK5,,,
Functional,Cancer of secretory structure,,,
Functional,Function of lymphocytes,,,
Functional,Function of lymphatic system cells,,,
Upstream,STAT6,-1.367,-2.415,-1.299
Functional,Eosinophilia,,,
Functional,Cellular infiltration,,-1.594,0.916
Upstream,TARBP2,,,
Upstream,PPARA,,,-0.093
Upstream,NQO1,,,
Functional,Cellular infiltration by granulocytes,,,
Functional,Apoptosis of blood cells,,,
Upstream,LGALS7,,,
Functional,Neoplasia of lymphoid organ,,,
Upstream,LIPE,,,
Functional,Extrapulmonary secondary neoplasm,,,
Functional,Enlargement of spleen,,,
Upstream,FHL2,,,
Upstream,RHOA,,,
Upstream,FGF1,,,1.067
Functional,Cerebrovascular dysfunction,,,
Upstream,MYOD1,,,
Functional,Colorectal cancer,,,
Upstream,GDF11,,,
Upstream,ERF,,,
Upstream,NLRP3,,,
Functional,Extraadrenal retroperitoneal tumor,,,
Functional,Lung lesion,-1.117,-0.691,-0.374
Functional,Function of T lymphocytes,,,
Upstream,SOX4,,,
Functional,Function of phagocytes,,,
Functional,Quantity of IgG2a,,,
Upstream,TNFRSF12A,,,
Upstream,EIF3E,,,
Functional,Malignant neoplasm of large intestine,,,
Functional,Non-melanoma solid tumor,,,
Upstream,SPIB,,,
Upstream,CYP27B1,,,
Functional,Pancreaticobiliary carcinoma,,,
Functional,Colon cancer,,,
Functional,Infection by coronavirus,,,
Functional,Lymphoma,,,
Upstream,DEF6,,,
Functional,Hepato-pancreato-biliary cancer,,,-0.943
Upstream,mir-217 (includes others),,,
Functional,Cellular infiltration by leukocytes,,,1.055
Upstream,KLF4,,,
Functional,Liver tumor,,,-1
Functional,Immune mediated inflammatory disease,,-1,-0.342
Functional,Production of antibody,,,
Functional,Acute myeloid leukemia,,,
Functional,Familial neurological disorder,,,
Functional,Anogenital cancer,,,
Functional,Bone marrow cancer,,,
Functional,Malignant myeloid neoplasm,,,
Functional,Genital tract cancer,,,
Functional,Myeloid leukemia,,,
Functional,Pelvic carcinoma,,,
Upstream,POU3F2,,,
Upstream,Serpinb3a,,,
Upstream,SULT1E1,,,
Upstream,FNIP1,,,
Upstream,HDL/cholesterol,,,
Upstream,TEAD3,,,
Upstream,HLCS,,,
Upstream,ALOX5,,,
Upstream,DUSP4,,,
Upstream,PPP2R1A,,,
Upstream,CCN3,,,
Upstream,Traj18,,,
Upstream,ZFP91,,,
Upstream,ACSL5,,,
Upstream,GRIN3A,,,
Upstream,SWAP70,,,
Upstream,ATG5,,,
Upstream,NTS,,,
Upstream,PXDN,,,
Upstream,RXRG,,,
Upstream,SOD,,,
Upstream,AHSG,,,
Upstream,SMARCA2,,,
Upstream,CFTR,,,
Upstream,SDC1,,,
Upstream,GNL3,,,
Upstream,CD24,,,
Upstream,CBX3,,,
Canonical,Caveolar-mediated Endocytosis Signaling,,,
Canonical,Cerebral Malformation Signaling Pathway,,,
Canonical,Tuberculosis Active Signaling Pathway,,,
Canonical,Nitric Oxide Signaling in the Cardiovascular System,,,
Canonical,Role of NANOG in Mammalian Embryonic Stem Cell Pluripotency,,,
Canonical,Extracellular matrix organization,,,
Canonical,WNT/SHH Axonal Guidance Signaling Pathway,,,
Canonical,PXR/RXR Activation,,,
Functional,Infiltration by neutrophils,,,0.529
Upstream,FGFR3,,,
Upstream,FOSL1,,,
Functional,Digestive system cancer,,,-1.491
Upstream,XDH,,,
Upstream,SMAD7,,,
Functional,Blue round small cell tumor,,,
Functional,Cell death of lymphocytes,-2.216,,
Upstream,NOTCH,,,
Upstream,FOXO3,,,
Functional,Generation of tumor,,,1.143
Upstream,KPNA2,,,
Upstream,GATA3,,,
Upstream,BCL11B,,,
Upstream,CD4,,,
Functional,Sclerotic lesion,,,-0.594
Functional,Atherosclerotic lesion,,,-0.594
Upstream,PPP3CA,,,
Functional,Apoptosis of mononuclear leukocytes,,,
Upstream,TGIF1,,,
Upstream,IL11,,,
Functional,Accumulation of mononuclear leukocytes,,,
Functional,Fever,,,
Upstream,HOXA13,,,
Upstream,PDPK1,,,
Functional,Anxiety,,,
Functional,Genitourinary adenocarcinoma,,,
Upstream,ELF1,,,
Upstream,HAVCR1,,,
Upstream,ILF3,,,
Upstream,MAT1A,,,
Functional,Cell death of mononuclear leukocytes,,,
Upstream,ADAMTS9-AS2,,,
Functional,Benign lesion,,,-0.64
Upstream,NKX2-1,,,
Functional,Vascular lesion,,,
Upstream,E2F4,,,
Upstream,TRIM37,,,
Upstream,CBS,,,
Upstream,NFKBID,,,
Upstream,NOTCH4,,,
Upstream,FCER1G,,,
Upstream,miR-29b-3p (and other miRNAs w/seed AGCACCA),,,
Upstream,PDK1,,,
Upstream,RXR,,,
Functional,Arterial lesion,,,-0.049
Functional,Fatal infantile encephalopathy or pulmonary hypertension,,,
Functional,Genitourinary carcinoma,,,
Functional,Peripheral vascular disease,,,
Upstream,INS,,,
Upstream,TET2,,0,-1
Upstream,OCLN,,,
Upstream,AGTR2,,,
Upstream,CD180,,,
Upstream,HOXA11,,,
Upstream,PLK1,,,
Upstream,SLC16A2,,,1.982
Functional,Discomfort,,,
Upstream,EGR3,,,
Functional,Familial psychiatric disease,,,
Functional,Dyskinesia,,,
Upstream,SFRP4,,,
Upstream,LAMA2,,,
Upstream,PIN1,,,
Upstream,KLRD1,,,
Upstream,APLNR,,,
Upstream,MRTFA,,,
Upstream,TNFRSF18,,,
Functional,Tumorigenesis of lymphocytes,,,
Functional,Lymphoreticular neoplasm,,,
Functional,Fibrosis,,-1.422,-1.261
Upstream,GLIS3,,,
Upstream,IL27RA,,,
Functional,Intestinal cancer,,,
Functional,Shock response,,,
Upstream,ACE2,,,
Upstream,miR-338-3p (miRNAs w/seed CCAGCAU),,,
Functional,Infiltration by T lymphocytes,,,
Upstream,PTPN6,,,
Upstream,SKI,,,
Upstream,EGLN3,,,
Upstream,PDK4,,,
Upstream,AHI1,,,
Upstream,mir-148 (includes others),,,
Upstream,MEF2D,,,
Upstream,TRIM28,,,-1
Upstream,PTPN2,,,
Canonical,Adrenergic Receptor Signaling Pathway (Enhanced),,,
Functional,Colorectal lesion,,,
Functional,Extrapulmonary squamous cell carcinoma,,,
Functional,Upper gastrointestinal tract cancer,,,
Upstream,YWHAZ,,,
Functional,Quantity of amino acids,,,
Functional,Valvulopathy,,,
Upstream,NGEF,,,-0.447
Functional,Experimentally-induced arthritis,,,
Upstream,LMNA,,,
Functional,Abdominal lesion,,,
Upstream,NFIA,,,
Upstream,FLT3,,,
Upstream,TRIB3,,,
Functional,Inflammatory bowel disease,,,
Functional,Blood pressure,,,
Upstream,FPR2,,,
Upstream,ALOX15,,,
Functional,Abnormality of skin morphology,,,
Upstream,SH2B3,,,
Canonical,WNT/β-catenin Signaling,,,
Functional,Formation of solid tumor,,,0.978
Functional,T-cell malignant neoplasm,,,
Upstream,SUMO2,,,
Upstream,BMAL1,,,
Functional,Function of antigen presenting cells,,,
Functional,Gastrointestinal tract cancer,,,
Upstream,MAPK8IP1,,,
Upstream,VAV2,,,
Upstream,FLCN,,,
Upstream,FOXF1,,,
Upstream,FAAH,,,
Functional,Breast or colorectal cancer,,,
Upstream,SIRT6,,,
Upstream,TCF12,,,
Functional,Necrosis,-1.053,-1.702,-0.674
Upstream,SETD2,,,
Canonical,SPINK1 Pancreatic Cancer Pathway,,,
Canonical,"PD-1, PD-L1 cancer immunotherapy pathway",,,
Canonical,Class B/2 (Secretin family receptors),,,
Functional,Bone marrow neoplasm,,,
Functional,Function of myeloid cells,,,
Upstream,BMPER,,,
Upstream,PTPN22,,,
Functional,Colon lesion,,,
Functional,Soft tissue neoplasm,,,
Upstream,GRIN2A,,,
Upstream,1810019D21Rik,,,
Upstream,RANBP3L,,,
Upstream,RC3H2,,,
Functional,Development of benign tumor,,,
Functional,Quantity of immunoglobulin,1.715,0.556,
Upstream,HRG,,,
Upstream,JAK3,,,
Functional,Lymphohematopoietic cancer,,,
Functional,Neoplasia of blood cells,,,
Functional,Adenocarcinoma,,,
Upstream,RARRES2,,,
Functional,Hematologic cancer,,,
Functional,Upper gastrointestinal tract tumor,,,
Upstream,EPRS1,,,
Upstream,LRP6,,,
Functional,Cardiomyopathy,,,-1.562
Functional,Intraabdominal organ tumor,,,-1.069
Upstream,PCMT1,,,
Upstream,CHD4,,,
Canonical,Regulation of the Epithelial Mesenchymal Transition in Development Pathway,,,
Upstream,HFE,,,-2
Upstream,26S proteasome,,,
Upstream,BGN,,,
Upstream,OPRM1,,,
Upstream,MBP,,,
Functional,Abnormal morphology of nervous system,,,
Upstream,IHH,,,
Upstream,GSK3B,,,
Functional,Tauopathy,,,
Upstream,DSCAML1,,,-1
Canonical,CDX Gastrointestinal Cancer Signaling Pathway,,,
Upstream,ITGB2,,,
Functional,Psoriasis,,,
Functional,Depletion of lymphocytes,,,
Upstream,SREBF2,-2,-2.236,-1.408
Upstream,mir-204 (includes others),,,
Functional,Myeloid neoplasm,,,
Upstream,CUX1,,,
Upstream,BRCA1,0.842,0.842,0.371
Upstream,BMP2,,,-0.447
Functional,Neoplasia of leukocytes,,,
Functional,Papillary neoplasm,,,
Upstream,SCARB1,,,
Upstream,GALNT6,,,
Upstream,MC4R,,,
Upstream,SETX,,,
Upstream,ALDH1A2,,,
Upstream,EED,,,
Upstream,PRKG1,,,
Upstream,CDKN2B,,,
Upstream,GSN,,,
Upstream,KCNA3,,,
Canonical,Dermatan Sulfate Biosynthesis,,,
Canonical,Dermatan Sulfate Biosynthesis (Late Stages),,,
Canonical,Chondroitin Sulfate Biosynthesis (Late Stages),,,
Canonical,Chondroitin Sulfate Biosynthesis,,,
Canonical,UVA-Induced MAPK Signaling,,,
Upstream,ARID1A,,0.6,
Functional,Breast cancer,,,
Functional,Quantity of eosinophils,,,
Functional,Carcinoma,,,0.329
Functional,Ovarian tumor,,,
Upstream,HADH,,,
Upstream,PLCG2,,,
Upstream,MYF6,,,
Canonical,IL-12 Signaling and Production in Macrophages,,,-2.121
Functional,Inflammation of airway,,,
Upstream,IRAK3,,,
Upstream,UBE3A,,,
Upstream,CLCN5,,,
Upstream,RHEB,,,
Upstream,HCAR1,,,
Upstream,KCNIP3,,,
Functional,Breast or gastric cancer,,,
Upstream,ITGA1,,,
Functional,Hepatic injury,,,
Upstream,BMP10,,,
Upstream,GPR15LG,,,
Functional,Digestive organ tumor,,,
Functional,Formation of soft tissue neoplasm,,,
Upstream,F7,,,
Upstream,mir-142 (includes others),,,
Upstream,CD46,,,
Functional,Tumorigenesis of tissue,,,
Functional,Lymphoid cancer,,,
Upstream,PCK1,,,
Upstream,activin (family),,,
Upstream,NPC2,,,
Functional,Lymphocytic cancer,,,
Functional,Malignant lymphocytic neoplasm,,,
Upstream,NLRP7,,,
Functional,Disorder of lipid metabolism,,,1.039
Functional,Quantity of neutrophils,,,
Functional,Squamous-cell carcinoma,,,
Functional,Squamous cell tumor,,,
Functional,Non-colon gastrointestinal cancer,,,
Functional,Non-colorectal gastrointestinal cancer,,,
Upstream,P2RY6,,,
Upstream,RAB7A,,,
Functional,Benign solid tumor,,,
Functional,Myeloid or lymphoid neoplasm,,,
Upstream,IgG,,-0.577,
Upstream,GPBAR1,,,
Functional,Visceromegaly,,,
Functional,Infection of respiratory tract,,,
Upstream,fibrinogen (family),,,
Upstream,RGS2,,,
Upstream,IGHM,,,
Upstream,RXRB,,,
Upstream,GRN,,,
Functional,Asthma,,,
Upstream,YAP/TAZ,,,
Upstream,LRPAP1,,,
Upstream,SOD2,,,
Upstream,LDB1,,,
Upstream,RNASEH2A,,,
Upstream,TNFSF18,,,
Upstream,PPP2R5C,,,
Upstream,NT5E,,,
Functional,Infection by DNA virus,,,
Upstream,ESRRG,,,
Upstream,CGA,,,
Upstream,CXCR2,,,
Upstream,IL1RL1,,,
Upstream,CREM,,,
Upstream,PRDM1,-1.724,-1.673,-0.785
Functional,Lithiasis,,,
Functional,Infarction of heart,,,
Upstream,ERBB3,,,
Functional,Cellular infiltration by lymphocytes,,,1.029
Functional,Hematologic cancer of cells,,,
Functional,Cellular infiltration by mononuclear leukocytes,,,1.098
Functional,Amyloidosis,,,
Upstream,APC,,,
Upstream,ZBTB7B,,,
Upstream,TGFB2-AS1,,,
Upstream,BNIP3L,,,
Canonical,Sperm Motility,,,
Upstream,VAV3,,,
Upstream,CD83,,,
Upstream,VIP,,,
Functional,Depletion of mononuclear leukocytes,,,
Functional,Depletion of lymphatic system cells,,,
Upstream,Serpina3n (includes others),,,
Upstream,TNFAIP8,,,
Upstream,HSD11B1,,,
Upstream,PDK2,,,
Canonical,Oxytocin Signaling Pathway,,,
Functional,Tumorigenesis of epithelial neoplasm,,,
Upstream,DIO3,,,
Functional,Glucose metabolism disorder,,,1.91
Upstream,RBM47,,,
Upstream,AIM2,,,
Upstream,CTCF,,,
Upstream,CBFB,,,
Upstream,TET3,,,
Upstream,HOXA10,,,
Upstream,SFTPD,,,
Functional,Pancreatic cancer,,,
Upstream,DSCAM,,,-0.447
Upstream,UGCG,,,
Upstream,miR-148a-3p (and other miRNAs w/seed CAGUGCA),,,
Functional,Abnormal morphology of spleen,,,
Functional,Pulmonary vascular disease,,,
Upstream,HAVCR2,,,
Functional,Conversion of lipid,,0.865,-0.339
Upstream,ID1,,,
Functional,Acute leukemia,,,
Upstream,PPP3R1,,,
Canonical,PPARα/RXRα Activation,,,
Canonical,BMP signaling pathway,,,
Functional,Abnormal morphology of neurons,,,
Functional,Formation of epithelial neoplasm,,,
Functional,Lymphatic system tumor,,,
Functional,Response of helper T lymphocytes,,,
Functional,Dermatitis,,,
Upstream,IL2RA,,,
Functional,Extrapancreatic neuroendocrine tumor,,,
Upstream,CD200,,,
Functional,Development of digestive organ tumor,,,
Upstream,CAV1,,,
Upstream,GSK3A,,,
Upstream,MEF2C,,,1.408
Functional,Pancreatic tumor,,,
Upstream,KLF11,,,
Canonical,Protein Kinase A Signaling,,,
Upstream,KLF15,,,
Upstream,mir-154 (includes others),,,
Upstream,FSCN1,,,
Upstream,DEK,,,
Upstream,TRRAP,,,
Upstream,PER1,,,
Upstream,KDM4A,,,
Upstream,POU4F2,,,
Upstream,ADRB,,,
Functional,Tuberculosis,,,
Functional,Breast or pancreatic cancer,,,
Functional,Liver Damage,,,1.664
Upstream,PTPN11,,,
Upstream,MGP,,,
Upstream,PDE4,,,
Functional,Gonadal tumor,,,
Upstream,AHCY,,,
Upstream,Saa3,,,
Upstream,DNMT3A,,,
Upstream,MRTFB,,,
Upstream,FGFR,,,
Functional,Development of malignant tumor,,,
Functional,Damage of digestive system,,,0.943
Upstream,CYP2J2,,,
Upstream,TNFAIP8L2,,,
Upstream,miR-18a-5p (and other miRNAs w/seed AAGGUGC),,,
Functional,Pancreatic lesion,,,
Functional,Locomotion,,,-0.537
Functional,Infection by mycobacteria,,,
Canonical,Bone Mineralization Signaling Pathway,,1,
Upstream,mir-193 (includes others),,,
Canonical,Heparan Sulfate Biosynthesis,,,
Canonical,Basal Cell Carcinoma Signaling,,,
Canonical,Heparan Sulfate Biosynthesis (Late Stages),,,
Functional,Depletion of leukocytes,,,
Functional,Extraintestinal functional disorder,,,
Functional,Breast carcinoma,,,
Upstream,DMP1,,,
Upstream,IL15RA,,,
Upstream,CBX5,,,
Upstream,KAT2A,,,
Upstream,KDM1A,,,
Upstream,PRMT7,,,
Functional,Abnormal aortic valve physiology,,,
Upstream,GPR37,,,
Upstream,miR-128-3p (and other miRNAs w/seed CACAGUG),,,
Upstream,Cyp2c70,,,
Upstream,TP73,,,
Functional,Myocardial infarction,,,
Functional,Colorectal tumor,,,
Upstream,Scd1,,,
Functional,Large intestine neoplasm,,,
Upstream,NTRK3,,,
Functional,Dextran sodium sulfate-induced colitis,,,
Functional,Incidence of tumor,,,0.705
Functional,Infection by Herpesviridae,,,
Upstream,SMURF1,,,
Functional,Frequency of tumor,,,1.143
Canonical,Human Embryonic Stem Cell Pluripotency,,,
Functional,Multiple cancers,,,
Functional,Breast or ovarian cancer,,,
Upstream,SETDB1,,,
Upstream,AKT2,,,
Upstream,HRH3,,,
Functional,Adenoma,,,
Functional,Liver lesion,-1.127,-0.938,-0.789
Canonical,Glioblastoma Multiforme Signaling,,,
Functional,Infection by RNA virus,-0.929,-0.232,0.35
Functional,Systemic inflammatory response syndrome and/or sepsis,,-0.924,
Upstream,BCL2L11,,,
Upstream,GPR132,,,
Upstream,HOXA5,,,
Upstream,CYLD,,,
Functional,Replication of virus,-2.597,-2.058,-2.181
Functional,Seizure disorder,,,
Upstream,MALAT1,,,
Functional,Weight loss,,,0.726
Upstream,MUC13,,,
Upstream,RCAN1,,,
Upstream,FGFR2,,,-0.343
Upstream,Collagen type II,,,
Upstream,PBRM1,,,
Upstream,mir-150 (includes others),,,
Functional,B-cell lymphoma,,,
Upstream,HDAC3,,,
Upstream,MTA3,,,
Functional,Colon tumor,,,
Functional,Acute lymphoblastic leukemia,,,
Upstream,ZBED6,,,
Upstream,PLAAT3,,,
Upstream,CNOT3,,,
Upstream,LAIR1,,,
Upstream,SELENOS,,,
Upstream,HLX,,,
Upstream,PTGFR,,,
Upstream,miR-423-5p (and other miRNAs w/seed GAGGGGC),,,
Upstream,mir-214 (includes others),,,
Upstream,TOP1,,,
Upstream,mir-208 (includes others),,,
Upstream,MIRLET7,,,
Upstream,CRY1,,,
Canonical,Antioxidant Action of Vitamin C,,,
Canonical,Receptor-type tyrosine-protein phosphatases,,,
Upstream,NOS3,,,
Upstream,LMO2,,,
Functional,B-cell neoplasm,,,
Upstream,INHA,,,
Functional,Abnormal morphology of lymphoid organ,,,
Functional,Abnormal morphology of body cavity,,-1.969,
Functional,Organismal abnormalities of semilunar valve,,,
Upstream,mir-29 (includes others),,,
Upstream,IKZF3,,,
Functional,Disorder of blood pressure,,,
Functional,Tumorigenesis of reproductive tract,,,
Functional,Skin carcinoma,,,
Upstream,ILKAP,,,
Upstream,PIAS3,,,
Canonical,Transcriptional Regulatory Network in Embryonic Stem Cells,,,
Functional,Endocrine gland tumor,,,
Upstream,TBX5,,,
Upstream,ARID4B,,,
Functional,Sepsis,,-0.911,
Functional,Chronic kidney disease,,,
Functional,Intestinal tumor,,,
Functional,Stroke,,,
Upstream,CYP7A1,,,
Upstream,ELOVL5,,,
Functional,Myelodysplastic syndrome or leukemia,,,
Functional,Leukemia,,,
Functional,Breast or gynecological cancer,,,
Functional,Inflammation of muscle,,,
Functional,Viral Infection,-2.063,-2.154,-1.047
Upstream,DNAJB6,,,
Upstream,SRF,,,
Upstream,AIRE,,,1.067
Functional,Liquid tumor,,,
Upstream,EPHB4,,,
Upstream,RNASEL,,,
Upstream,SUMO3,,,
Upstream,TRAF5,,,
Upstream,NTF3,,,
Upstream,IL35,,,
Functional,Aortic valve disease,,,
Upstream,Bvht,,,
Upstream,GRIN1,,,
Upstream,CHADL,,,
Upstream,miR-139-5p (miRNAs w/seed CUACAGU),,,
Upstream,NEUROG1,,,
Canonical,NCAM signaling for neurite out-growth,,,
Canonical,Smooth Muscle Contraction,,,
Canonical,Adipogenesis pathway,,,
Upstream,HNRNPU,,,
Upstream,LAMP2,,,
Functional,Endocrine cancer,,,
Functional,Development of carcinoma,,,
Upstream,LTBP1,,,
Upstream,TNFRSF4,,,
Upstream,SHC1,,,
Upstream,ESR1,-1.433,-2.236,-0.632
Functional,Pancreatic ductal adenocarcinoma,,,
Functional,Pancreatic intraductal neoplasm,,,
Upstream,TNFRSF21,,,
Functional,Structural renal abnormality,,,
Functional,Quantity of granulocytes,,,
Upstream,NR4A1,,,
Functional,Gastrointestinal tumor,,,
Functional,Abnormal morphology of abdomen,,-2,-1.969
Functional,Nonpituitary endocrine tumor,,,
Functional,Pancreatic adenocarcinoma,,,
Upstream,SMURF2,,,
Upstream,GSTK1,,,
Upstream,mir-181 (includes others),,,
Functional,Hypertension,,,
Upstream,CUL3,,,
Functional,Development of lung tumor,,,
Upstream,CLDN7,,,-1.342
Upstream,ATP2A2,,,
Upstream,COL6A1,,,
Functional,Replication of RNA virus,-2.436,-1.921,-2.044
Upstream,UCP2,,,
Upstream,NCOR1,,,
Upstream,UBA7,,,
Upstream,MAP4K1,,,
Upstream,IRF4,,,
Upstream,MEX3A,,,
Functional,Hepatic steatosis,,,
Upstream,SNAI1,,,
Upstream,FBXO32,,,
Canonical,ILK Signaling,,,
Upstream,AMBRA1,,,
Functional,B cell cancer,,,
Upstream,ZMPSTE24,,,
Functional,Breast or ovarian carcinoma,,,
Upstream,WWTR1,-2,-1.982,
Upstream,DCAF1,,,
Upstream,TNFRSF10B,,,
Upstream,TNFRSF11B,,,
Functional,Connective or soft tissue tumor,,,
Functional,Female genital neoplasm,,,
Upstream,JAG2,,,
Upstream,TCF7L1,,,
Upstream,NOSTRIN,,,
Upstream,LRP5,,,
Upstream,GLIS2,,,
Upstream,HMGN5,,,
Upstream,ZRANB1,,,
Upstream,CFLAR,,,
Upstream,ACTL6A,,,
Upstream,MC1R,,,
Upstream,KLK1,,,
Upstream,PAEP,,,
Canonical,PCP (Planar Cell Polarity) Pathway,,,
Canonical,Role of WNT/GSK-3β Signaling in the Pathogenesis of Influenza,,,
Canonical,Factors Promoting Cardiogenesis in Vertebrates,,,
Canonical,WNT ligand biogenesis and trafficking,,,
Functional,Calcinosis,,,
Upstream,NOG,,,
Functional,Experimental colitis,,,
Upstream,ATF3,,,
Functional,Non-malignant disorder,,,-1.109
Upstream,TRIM21,,,
Upstream,C5AR2,,,
Upstream,COL18A1,,,
Upstream,NRIP1,,,
Functional,Seizures,,,
Functional,Primary immunodeficiency disorder,,,
Upstream,GLUL,,,
Upstream,CBX7,,,
Upstream,RYK,,,
Upstream,TCF7,,,
Functional,Chronic renal impairment,,,
Upstream,EIF4EBP1,,,
Functional,Disorder of basal ganglia,,,
Upstream,PPP2CA,-2.39,-1.913,-2.588
Upstream,SOX17,,,
Functional,Nephritis,,,
Upstream,GPX4,,,
Upstream,MAFA,,,
Upstream,NCOA5,,,
Canonical,Regulation of Actin-based Motility by Rho,,,
Upstream,SFRP1,,,
Functional,Disorder of pregnancy,,,-1.4
Upstream,GPR39,,,
Upstream,LILRB1,,,
Upstream,SATB1,,,
Functional,Obesity,,,0.418
Upstream,HHEX,,,
Upstream,GAPDH,,-2,-2
Upstream,PELI2,,,
Upstream,BCL3,,,
Functional,Pancreatic duct disorder,,,
Upstream,UXT,,,
Upstream,RNF31,,,
Upstream,GAL3ST1,,,
Upstream,miR-204-5p (and other miRNAs w/seed UCCCUUU),,,
Upstream,MYOG,,,
Functional,Pancreatic carcinoma,,,
Upstream,Pla2g2d,,,
Upstream,IRS2,,,
Upstream,HDAC11,,,
Upstream,ASCC3,,,
Upstream,ERBB4,,-0.762,
Upstream,DYRK1A,,,
Upstream,miR-199a-5p (and other miRNAs w/seed CCAGUGU),-1.109,-1.408,-1.408
Upstream,COL12A1,,,
Upstream,WNT11,,,
Upstream,IRS1,,,
Functional,Non-small cell carcinoma,,,
Functional,Non-small cell lung carcinoma,,,
Upstream,HDAC,,,
Upstream,WDR77,,,
Upstream,MED16,,,
Upstream,ZEB2,,,
Upstream,APOA4,,,
Upstream,CDKN1A,,,
Upstream,CORT,,,
Upstream,miR-186-5p (miRNAs w/seed AAAGAAU),,,
Functional,Failure of kidney,,,
Upstream,mir-34 (includes others),,,
Upstream,Mir122a/b,,,
Upstream,TGFBR1,,,
Functional,Development of adenocarcinoma,,,
Upstream,YTHDF1,,,
Upstream,ARRB2,,,
Upstream,PTX3,,,
Upstream,MEN1,,,-2.433
Upstream,ACOD1,,,
Upstream,KLF2,,,
Functional,Reduced kidney function,,,
Upstream,TEAD,,,
Functional,Cell death of B lymphocytes,,,
Upstream,SCGB1A1,,,
Upstream,PRKAA,,,
Upstream,EPCAM,,,
Functional,Lung carcinoma,,,0
Functional,Thoracic carcinoma,,,
Upstream,ZBTB16,,,
Functional,Neuroendocrine tumor,,,
Upstream,NR1H,,,
Upstream,ZNF217,,,
Upstream,TRIM3,,,
Upstream,CAT,,,
Functional,Edema,,,
Upstream,PNPLA2,,,
Upstream,PC,,,
Upstream,TNIP1,,,
Upstream,NPC1,,,
Upstream,SAFB,,,
Upstream,EFNA5,,,
Functional,Abnormal morphology of T lymphocytes,,,
Functional,Fibrosis of liver,,,
Functional,Response of liver,,,
Functional,Abnormality of large intestine,,,
Canonical,Coronavirus Pathogenesis Pathway,,,
Upstream,TNFRSF8,,,
Upstream,EFNA1,,,
Upstream,LAPTM5,,,
Upstream,BCL6,,,
Canonical,Hematoma Resolution Signaling Pathway,,,-0.378
Upstream,CBFA2T3,,,
Upstream,CRY2,,,
Upstream,ZG16,,,
Upstream,LYN,,,
Upstream,DNMT1,,,
Upstream,EIF4EBP2,,,
Upstream,FBXW7,,,
Upstream,CLEC4G,,,
Upstream,mir-21 (includes others),,-0.577,-0.447
Upstream,HDL,,,
Functional,Malignant connective or soft tissue neoplasm,,,
Functional,Renal impairment,,,
Upstream,SMAD6,,,
Upstream,CASZ1,,,
Upstream,mir-26 (includes others),,,
Upstream,RB,,,
Upstream,HDAC2,,,
Upstream,Slfn3/Slfn4,,,
Upstream,TAP1,,,
Upstream,PSEN1,,,
Upstream,STUB1,,,
Upstream,TRAIP,,,
Functional,Bleeding of lung,,,
Upstream,PTPN1,,,
Upstream,STAR,,,
Upstream,GHR,,,
Upstream,UBE2I,,,
Upstream,MNT,,,
Canonical,Inhibition of Matrix Metalloproteases,,,
Upstream,GUCY1B1,,,
Upstream,SRSF1,,,
Upstream,PRKAA1,,,
Upstream,PROC,,,
Upstream,NLRP12,,,
Functional,Lymphocytic leukemia,,,
Upstream,CDC42,,,
Upstream,USP38,,,
Functional,Immunodeficiency,,,
Functional,Lung adenocarcinoma,,,
Functional,Nonsquamous non-small cell lung carcinoma,,,
Upstream,N-CoR,,,
Upstream,RHBDD3,,,
Functional,Colitis,,,
Upstream,ZC3H12B,,,
Upstream,LETMD1,,,
Upstream,OLFM4,,,
Upstream,PRF1,,,
Upstream,Abcb4,,,
Upstream,VANGL2,,,
Upstream,SLC6A1,,,
Upstream,ST8SIA1,,,
Upstream,NTN1,,,
Upstream,ATRX,,,
Upstream,CLUH,,,
Upstream,OPA1,,,
Upstream,CDKN1C,,,
Upstream,CNOT7,,,
Upstream,PER2,,,
Upstream,SIAH2,,,
Upstream,IZUMO1R,,,
Upstream,miR-130a-3p (and other miRNAs w/seed AGUGCAA),,,
Upstream,L2HGDH,,,
Upstream,NLRX1,,,
Upstream,PRDX5,,,
Upstream,OGDH,,,
Upstream,HCAR2,,,
Upstream,TM4SF5,,,
Upstream,ZFPM1,,,
Upstream,CHRNA1,,,
Upstream,GRHL3,,,
Upstream,S100A5,,,
Upstream,ZNF277,,,
Upstream,RTCB,,,
Upstream,miR-150-5p (and other miRNAs w/seed CUCCCAA),,,
Canonical,Formation of the ureteric bud,,,
Functional,Inflammation of liver,,,
Functional,Pneumonia,,,
Upstream,CDKN2A,,,
Upstream,BTG2,,,
Upstream,mir-19 (includes others),,,
Upstream,PRKAA2,,,-0.594
Upstream,ABCG1,,,
Upstream,KL,,,
Functional,Fibrinolysis,,,-1.715
Functional,Inflammation of pancreas,,,
Upstream,NPR1,,,-0.911
Upstream,let-7a-5p (and other miRNAs w/seed GAGGUAG),,,
Upstream,Ifitm3,,,
Upstream,EFNA4,,,
Upstream,CYP7B1,,,
Upstream,HIBCH,,,
Upstream,KCNK9,,,
Upstream,EFNA3,,,
Upstream,miR-30c-5p (and other miRNAs w/seed GUAAACA),,,
Upstream,MACROH2A1,,,
Upstream,STK40,,,
Upstream,PDCD1,,,
Upstream,CPE,,,
Upstream,TEK,-2,-2,-1.342
Upstream,LILRB4,,,
Upstream,GSTO1,,,
Functional,Inflammation of respiratory system component,,-1.329,-1.977
Upstream,NEDD4L,,,
Upstream,GPX1,,,
Upstream,CBLB,,,
Upstream,ATAD3A,-2.19,-2.19,-2.19
Functional,Inflammation of secretory structure,,,
Upstream,mir-506 (includes others),,,
Upstream,HLA-G,,,
Upstream,YOD1,,,
Upstream,DUSP10,,,
Upstream,PROCR,,,
Upstream,IL17RD,,,
Upstream,PDCD4,,,
Functional,Progressive encephalopathy,,,
Upstream,miR-144-3p (miRNAs w/seed ACAGUAU),,,
Upstream,PRKN,,,
Upstream,mir-515 (includes others),,,
Upstream,SIGIRR,,,
Upstream,SPNS2,,,
Upstream,S1PR1,,,
Upstream,Gm12602,,,
Upstream,miR-218-5p (and other miRNAs w/seed UGUGCUU),,,
Upstream,SIK1,,,
Upstream,PTGER4,-2.449,-2.646,-1.671
Upstream,ZNF598,,-2,-2
Upstream,PIAS4,,,
Upstream,C1QBP,,,
Upstream,SUMO1,,,
Upstream,TAB1,,,
Upstream,STK11,,,-2
Functional,Abnormal abdomen morphology,,,
Upstream,MAPK1,-3.208,-3.357,-3.052
Upstream,APOA1,,,
Upstream,CTLA4,,,
Upstream,FOXP1,,,
Canonical,Actin Cytoskeleton Signaling,,,
Upstream,ADAR,-2.236,-2.236,-2.236
Upstream,SPRY2,,,
Upstream,BACH1,,,
Upstream,HMOX1,,,
Upstream,ARID2,,,
Upstream,ISG15,-2.412,-2.007,-2.412
Upstream,DUSP1,0.57,0.863,0.788
Upstream,ZC3H12A,,,
Upstream,mir-30 (includes others),,,
Upstream,TGFB2,,,-2.449
Functional,Gastroenteritis,,,
Functional,Inflammation of respiratory system,,,
Upstream,ZBED2,,,
Upstream,PGR,-2.931,-3.712,-3.764
Functional,Enteritis,,,
Upstream,DEPTOR,,,
Upstream,GFI1,,,
Upstream,ALDH2,,,
Functional,Inflammation of lung,-0.958,-1.329,-1.977
Upstream,FOXA1,,,
Upstream,PRDM16,,,
Upstream,QKI,-0.816,-1.633,-1.89
Upstream,FMR1,,,-2.224
Upstream,ETV7,,,
Upstream,SAMHD1,,,
Upstream,ANKIB1,,,
Upstream,CSNK1G3,,,
Upstream,ADAMTS12,,,
Upstream,KDM5B,,,
Upstream,NEIL2,,,
Upstream,LRP1B,,,
Upstream,TGFBR2,,,
Upstream,DICER1,,,0.447
Upstream,RCN3,,,
Upstream,MDM4,-2,-2,-2.224
Upstream,miR-34a-5p (and other miRNAs w/seed GGCAGUG),,,
Upstream,PSMB11,,,
Functional,Inflammation of gastrointestinal tract,,,
Upstream,HELLS,,,
Functional,Inflammation of absolute anatomical region,-1.326,-1.604,-1.04
Upstream,DAXX,,,
Upstream,SERPINE2,,,
Upstream,PTEN,,,
Upstream,RBL1,,,
Upstream,NGLY1,-1.94,-2.169,-2.169
Upstream,NR0B1,,,
Upstream,ADA,,,
Upstream,RBL2,,,
Upstream,LINC00624,,,
Upstream,AMPK,,,
Upstream,DNASE2,,,
Upstream,TIMP3,,,
Functional,Apoptosis,-1.812,-2.548,
Upstream,mir-146 (includes others),,,
Upstream,DUSP11,-2.236,-2.236,-2.236
Upstream,HIVEP1,,,
Upstream,SKIC2,,,
Upstream,SSTR2,,,
Upstream,TRIM38,,,
Upstream,APOE,,,
Functional,Bleeding,,,-2.182
Canonical,FXR/RXR Activation,,,
Upstream,TRIM26,,,
Canonical,Semaphorin Neuronal Repulsive Signaling Pathway,,,
Upstream,CISH,,,
Upstream,INSIG1,,,
Upstream,IL37,,,
Upstream,NRAS,,-1,-2
Upstream,ZC3H12C,,,
Upstream,CLPP,,,
Functional,Cell death of tumor cell lines,,,
Upstream,MEOX2,,,
Upstream,miR-181a-5p (and other miRNAs w/seed ACAUUCA),,,
Upstream,Clec10a/Mgl2,,,
Upstream,CBL,,,
Upstream,RACK1,-2.219,-2.433,-2.433
Upstream,SP110,-2.236,-2.449,-2.449
Upstream,SFTPA1,,,
Upstream,IKZF1,,-1.961,
Canonical,Cellular Effects of Sildenafil (Viagra),,0.447,
Upstream,EFEMP1,,,
Upstream,DDX5,,,
Upstream,LEF1,,,
Upstream,miR-21-5p (and other miRNAs w/seed AGCUUAU),,,
Functional,Urination disorder,,-0.414,
Upstream,SMARCA5,,,
Functional,Parasitic Infection,,,
Upstream,REST,,,-2.187
Functional,Inflammation of organ,-0.974,-1.578,-1.53
Upstream,HBB,,,
Upstream,RNF187,,,
Canonical,Striated Muscle Contraction,,,
Upstream,mir-155,,,
Functional,Hemorrhagic disease,,,
Upstream,SOCS3,-2.2,-2.2,-1.706
Upstream,TNFAIP3,,,
Upstream,NR0B2,,,
Canonical,ID3 Signaling Pathway,-2.236,-2.236,
Upstream,RB1,,,
Upstream,FBXO44,,,
Upstream,Lilrb4a/Lilrb4b,,,
Upstream,MAGI1,,,
Upstream,SERPINB7,,,
Functional,Movement disorders,,,-1.179
Upstream,HDAC1,,,
Functional,Lymphopenia,,,
Upstream,GPS2,,,
Upstream,CUL5,,,
Upstream,IL10RA,,,
Upstream,KMT2D,-2,,-0.447
Upstream,let-7 (includes others),,,
Upstream,BACH2,,,
Canonical,GAIT Translation Signaling Pathway,,,-2.646
Upstream,ZFP36,,,
Upstream,PNPT1,-2,-2,-2
Functional,Inflammation of body cavity,-1.379,-1.67,-2.785
Upstream,miR-17-5p (and other miRNAs w/seed AAAGUGC),,,
Upstream,EGLN,,,-1.982
Functional,Motor dysfunction or movement disorder,,,
Upstream,FKBP10,,,
Upstream,ACKR2,-2,-2.236,-2.236
Upstream,USP18,-2.433,-2.433,-2.433
Upstream,miR-182-5p (and other miRNAs w/seed UUGGCAA),-2.985,-3.148,-3.148
Functional,Leukopenia,,,
Upstream,TFRC,,,
Upstream,RPSA,-2.219,-2.433,-2.433
Functional,Abnormal morphology of lymphocytes,,,
Functional,Abnormal morphology of mononuclear leukocytes,,,
Upstream,IKZF2,,,
Functional,Abnormal morphology of leukocytes,,,
Functional,Abnormal morphology of immune system,,,
Upstream,Scd2,-2.236,-2.449,-2.646
Upstream,RC3H1,-3.162,-3.317,-3.317
Functional,Lack of lymphocytes,,,
Upstream,miR-155-5p (miRNAs w/seed UAAUGCU),,,
Upstream,SIRT1,-1.89,-1.151,-2.598
Upstream,miR-145-5p (and other miRNAs w/seed UCCAGUU),-2.395,-2.602,-2.403
Upstream,IMMT,-2.449,-2.828,-2.646
Upstream,CD276,-2,-2.236,-2.236
Upstream,UBAP1,-3.302,-3.45,-3.45
Upstream,NKX2-3,-1.342,-1.633,-1.414
Upstream,USP8,-2.219,-2.425,-2.425
Upstream,miR-146a-5p (and other miRNAs w/seed GAGAACU),,,
Upstream,alpha catenin,,,
Upstream,SOCS1,-2.782,-2.782,-2.612
Upstream,TTC39A-AS1,-2.428,-2.624,-2.624
Upstream,TRIM24,-2.219,-2.433,-2.433
Upstream,NFAT5,-2.178,,-2.533
Upstream,F3,-3.565,-3.949,-3.41
Upstream,IRF2BP2,,,-2
Upstream,CITED2,-1.987,-2.216,-2.425
Upstream,IL1RN,-3.464,-3.729,-3.742
Upstream,STAG2,-3.313,-3.461,-3.602
Upstream,ZNF750,-3.45,-3.592,-3.592
Upstream,Irgm1,-2.754,-2.919,-2.919
Upstream,BANF1,-3.258,-3.405,-3.405
Upstream,ETV6,-3.815,-4.067,-4.067
Upstream,ETV3,-4,-4.243,-4.359
Upstream,TREX1,-3.771,-4.135,-4.248
Upstream,IRGM,-3.986,-4.329,-4.329
Upstream,RNASEH2B,-3.696,-4.078,-4.197
Functional,Infection of mammalia,-2.414,-2.414,-0.418
Functional,Organismal death,,,-4.86
Functional,Relapsing-remitting multiple sclerosis,2.219,2.63,2.63
Functional,Multiple sclerosis,2.219,2.63,2.63
Functional,Proliferation of neural cells,,,2.508
Functional,Exocytosis,,,2.195
Functional,Binding of carbohydrate,,,2.169
Functional,Release of lipid,,,2.161
Functional,Activation of endothelial cells,,,2.148
Functional,Cell movement of endothelial cells,,,2.129
Functional,Concentration of cholesterol,,,2.106
Functional,Branching of cells,,,2.097
Functional,Growth of neurites,,,2.042
Functional,Migration of endothelial cells,,,2.026
Functional,Catabolism of lipid,,,1.982
Functional,Chemotaxis of neutrophils,,,1.981
Functional,Retraction of membrane processes,,,1.98
Functional,Cell movement of PBMCs,,,1.98
Functional,Activation of vascular endothelial cells,,,1.941
Functional,Quantity of hdl cholesterol in blood,,,1.939
Functional,Transport of phospholipid,,,1.918
Functional,Chemotaxis of mononuclear leukocytes,,,1.906
Functional,Development of neurons,,,1.848
Functional,Proliferation of neuronal cells,,,1.788
Functional,Migration of vascular cells,,,1.758
Functional,Cell movement of monocytes,,,1.674
Functional,Outgrowth of neurites,,,1.673
Functional,Quantity of insulin in blood,,,1.633
Functional,Formation of vessel,,,1.561
Functional,Quantity of protein lipid complex in blood,,,1.523
Functional,Onset of experimental autoimmune encephalomyelitis,,,1.506
Functional,Migration of cancer cells,,,1.481
Functional,Hyperlipidemia,,,1.477
Functional,Secretion of lipid,,,1.475
Functional,Concentration of D-glucose,,,1.463
Functional,Migration of vascular endothelial cells,,,1.446
Functional,Proliferation of central nervous system cells,,,1.41
Functional,Migration of monocytes,,,1.409
Functional,Phagocytosis of antigen presenting cells,,,1.369
Functional,Formation of blood vessel,,,1.231
Functional,Binding of lipid,,,1.227
Functional,Hydrolysis of nucleotide,,,1.109
Functional,Cell movement of leukemia cell lines,,,1.103
Functional,Neuritogenesis,,,1.091
Functional,Quantity of neurons,,,1.068
Functional,Abnormal metabolism,,,1.039
Functional,Proliferation of neuroglia,,,1.032
Functional,Visceral metastasis,,,1
Functional,Binding of cell surface,,,1
Functional,Assembly of organelle,,,0.992
Functional,Fibrogenesis,,,0.938
Functional,Demyelination of central nervous system,,,0.936
Functional,Immune response of peritoneal macrophages,,,0.927
Functional,Phagocytosis by macrophages,1.382,1.987,0.849
Functional,Binding of granulocytes,,,0.832
Functional,Extension of cellular protrusions,,,0.831
Functional,Cell viability of neurons,,,0.767
Functional,Formation of filaments,,,0.743
Functional,Tubulation of cells,,,0.728
Functional,Secretion of triacylglycerol,,,0.692
Functional,Aggregation of blood platelets,,,0.673
Functional,Invasion of tissue,,,0.651
Functional,Quantity of cellular protrusions,,,0.64
Functional,Formation of cytoskeleton,,,0.587
Functional,Binding of blood platelets,,,0.531
Functional,Neuronal cell death,,,0.426
Functional,Tubulation of endothelial cells,,,0.391
Functional,Binding of leukemia cell lines,,,0.371
Functional,Release of catecholamine,,,0.339
Functional,Survival of neural cells,,,0.259
Functional,Quantity of filaments,,,0.132
Functional,Damage of vascular system,,,-0.018
Functional,Paralysis,,,-0.022
Functional,Proliferation of endothelial cells,,,-0.323
Functional,Endothelial cell development,,,-0.412
Functional,Growth of organism,,1.478,-0.585
Functional,Polymerization of filaments,,,-0.849
Functional,Lifespan of organism,,,-0.868
Functional,Neurodegeneration,,,-1.195
Functional,Formation of amyloid fibrils,,,-1.521
Functional,Growth of bacteria,,,-1.547
Functional,Production of virus,-2.2,-2.2,-1.706
Functional,Replication of Hepatitis C virus,-2.072,-2.072,-1.82
Functional,Congenital malformation of brain,,,-1.969
Functional,Apoptosis of beta islet cells,,,-2
Functional,Replication of Flaviviridae,-2.256,-2.256,-2.038
Functional,Early-onset encephalopathy,,,-2.207
Functional,Congenital neurological disorder,,,-2.207
Functional,Viral life cycle,,-2.294,-2.47
Functional,Replication of viral replicon,-2.44,-2.636,-2.804
Functional,Cell death of epithelial cells,,1.29,
Functional,Cell proliferation of melanoma cell lines,,1.192,
Functional,Cell death of epithelial cell lines,,1.109,
Functional,Replication of Influenza A virus,-0.071,0.446,
Functional,Differentiation of tumor cell lines,,-0.106,
Functional,Differentiation of leukemia cell lines,,-0.254,
Functional,Dysgenesis,-0.651,-1.432,
Functional,Replication of Herpesviridae,-1.732,-1.732,
Functional,Cell proliferation of tumor cell lines,2.145,,
Functional,Migration of carcinoma cell lines,1.345,,
Upstream,SYVN1,1,,
Functional,Cell viability of tumor cell lines,0.914,,
Functional,Cell proliferation of carcinoma cell lines,0.69,,
Functional,Cell death of liver cells,0.469,,
Functional,Proliferation of lung cancer cell lines,0.271,,
Functional,Quantity of follicular B lymphocytes,0,,
Functional,Proliferation of tumor cells,-0.218,,
Functional,Proliferation of cancer cells,-1.103,,
Functional,Cardiac lesion,-1.154,,
Functional,Apoptosis of tumor cell lines,-1.298,,
